Event Index;UTC Timestamp;UTC Date;Local Timestamp;Local Timezone;Local Date;Experiment ID;Experiment Version;Tree Node Key;Repeat Key;Schedule ID;Participant Public ID;Participant Private ID;Participant Starting Group;Participant Status;Participant Completion Code;Participant External Session ID;Participant Device Type;Participant Device;Participant OS;Participant Browser;Participant Monitor Size;Participant Viewport Size;Checkpoint;Task Name;Task Version;order-8fbu;checkpoint-jqo9;checkpoint-c9q5;checkpoint-a7bi;checkpoint-jcga;Randomise questionnaire elements?;extroversionNormal;extroversionNormal-quantised;agreeablenessReverse;agreeablenessReverse-quantised;conscientiousnessNormal;conscientiousnessNormal-quantised;emotionalStabilityReverse;emotionalStabilityReverse-quantised;opennessNormal;opennessNormal-quantised;extroversionReverse;extroversionReverse-quantised;agreeablenessNormal;agreeablenessNormal-quantised;conscientiousnessReverse;conscientiousnessReverse-quantised;emotionalStabilityNormal;emotionalStabilityNormal-quantised;opennessReverse;opennessReverse-quantised;END QUESTIONNAIRE
1;1634727472210;20/10/2021 10:57:52;1634727473242;3;20/10/2021 13:57:53;55551;22;questionnaire-w8n1;;16532417;BLIND;4887607;;complete;;;computer;Desktop or Laptop;Windows 10;Firefox 93.0;1280x720;1280x595;Openminded Chunk;Big 5 Personality TIPI (Finnish);4;KLJMINHAGBFCED;Decision Chunk;Science Chunk;Reasoning Chunk;Openminded Chunk;No;5;5;2;2;6;6;6;6;3;3;3;3;6;6;1;1;6;6;4;4;143732
1;1640612356293;27/12/2021 13:39:16;1640612352633;2;27/12/2021 15:39:12;55551;22;questionnaire-w8n1;;18217786;BLIND;5380940;;live;;;computer;Desktop or Laptop;Windows 10;Edge 96.0.1054.62;1536x864;1536x754;Decision Chunk;Big 5 Personality TIPI (Finnish);4;IJHKGLFMENDACB;Decision Chunk;;;;No;6;6;4;4;5;5;4;4;6;6;3;3;6;6;1;1;5;5;4;4;157859
1;1641894599892;11/01/2022 09:49:59;1641894599692;2;11/01/2022 11:49:59;55551;22;questionnaire-w8n1;;18420072;BLIND;5451953;;complete;;;computer;Desktop or Laptop;Windows 10;Firefox 95.0;1536x864;1536x739;Openminded Chunk;Big 5 Personality TIPI (Finnish);4;LMKNJAIBHCGDFE;Decision Chunk;Science Chunk;Reasoning Chunk;Openminded Chunk;No;6;6;2;2;3;3;2;2;7;7;2;2;7;7;3;3;4;4;2;2;73301
1;1641841379000;10/01/2022 19:02:59;1641841378821;2;10/01/2022 21:02:58;55551;22;questionnaire-w8n1;;18412097;BLIND;5449061;;complete;;;computer;Desktop or Laptop;Windows 10;Firefox 95.0;2560x1440;2560x1326;Openminded Chunk;Big 5 Personality TIPI (Finnish);4;KLJMINHAGBFCED;Decision Chunk;Science Chunk;Reasoning Chunk;Openminded Chunk;No;1;1;4;4;6;6;7;7;7;7;6;6;6;6;7;7;6;6;1;1;93017
1;1641827855727;10/01/2022 15:17:35;1641827855570;2;10/01/2022 17:17:35;55551;22;questionnaire-w8n1;;18404560;BLIND;5446920;;complete;;;computer;Desktop or Laptop;Windows 10;Chrome 97.0.4692.71;1920x1080;1920x937;Openminded Chunk;Big 5 Personality TIPI (Finnish);4;JKILHMGNFAEBDC;Decision Chunk;Science Chunk;Reasoning Chunk;Openminded Chunk;No;6;6;4;4;3;3;2;2;6;6;2;2;5;5;4;4;3;3;1;1;28832
1;1641822919774;10/01/2022 13:55:19;1641822919677;2;10/01/2022 15:55:19;55551;22;questionnaire-w8n1;;18401766;BLIND;5446208;;complete;;;computer;Desktop or Laptop;Windows 10;Chrome 97.0.4692.71;1536x864;1142x723;Openminded Chunk;Big 5 Personality TIPI (Finnish);4;IJHKGLFMENDACB;Decision Chunk;Science Chunk;Reasoning Chunk;Openminded Chunk;No;5;5;2;2;3;3;1;1;5;5;6;6;4;4;4;4;6;6;7;7;58219
1;1641765876651;09/01/2022 22:04:36;1641765876479;2;10/01/2022 00:04:36;55551;22;questionnaire-w8n1;;18391404;BLIND;5443570;;complete;;;computer;Desktop or Laptop;Windows 10;Chrome 97.0.4692.71;1920x1080;1920x937;Openminded Chunk;Big 5 Personality TIPI (Finnish);4;HIGJFKELDMCNBA;Decision Chunk;Science Chunk;Reasoning Chunk;Openminded Chunk;No;3;3;1;1;2;2;4;4;6;6;5;5;7;7;7;7;2;2;3;3;49017
1;1641764940172;09/01/2022 21:49:00;1641764940076;2;09/01/2022 23:49:00;55551;22;questionnaire-w8n1;;18391329;BLIND;5443499;;complete;;;computer;Desktop or Laptop;Mac OS 10.14.5;Chrome 96.0.4664.110;1280x800;1280x603;Openminded Chunk;Big 5 Personality TIPI (Finnish);4;GHFIEJDKCLBMAN;Decision Chunk;Science Chunk;Reasoning Chunk;Openminded Chunk;No;3;3;5;5;6;6;5;5;6;6;6;6;6;6;5;5;7;7;2;2;112534
1;1641667944585;08/01/2022 18:52:24;1641667944417;2;08/01/2022 20:52:24;55551;22;questionnaire-w8n1;;18376072;BLIND;5440344;;complete;;;computer;Desktop or Laptop;Mac OS 10.15.7;Chrome 96.0.4664.110;1440x900;1440x821;Openminded Chunk;Big 5 Personality TIPI (Finnish);4;FGEHDICJBKALNM;Decision Chunk;Science Chunk;Reasoning Chunk;Openminded Chunk;No;6;6;5;5;6;6;3;3;5;5;2;2;4;4;4;4;6;6;4;4;48626
1;1641566933714;07/01/2022 14:48:53;1641566933588;2;07/01/2022 16:48:53;55551;22;questionnaire-w8n1;;18356506;BLIND;5435499;;complete;;;computer;Desktop or Laptop;Windows 10;Chrome 96.0.4664.110;1920x1200;1504x952;Openminded Chunk;Big 5 Personality TIPI (Finnish);4;DECFBGAHNIMJLK;Decision Chunk;Science Chunk;Reasoning Chunk;Openminded Chunk;No;4;4;4;4;3;3;2;2;6;6;5;5;4;4;5;5;5;5;5;5;52166
1;1641169570703;03/01/2022 00:26:10;1641169570212;2;03/01/2022 02:26:10;55551;22;questionnaire-w8n1;;18265022;BLIND;5411218;;complete;;;computer;Desktop or Laptop;Windows 10;Chrome 96.0.4664.110;5760x1080;4147x638;Openminded Chunk;Big 5 Personality TIPI (Finnish);4;CDBEAFNGMHLIKJ;Decision Chunk;Science Chunk;Reasoning Chunk;Openminded Chunk;No;3;3;5;5;2;2;2;2;7;7;2;2;4;4;6;6;4;4;7;7;42616
1;1641026655400;01/01/2022 08:44:15;1641026656403;2;01/01/2022 10:44:16;55551;22;questionnaire-w8n1;;18255213;BLIND;5399212;;complete;;;computer;Desktop or Laptop;Windows 10;Chrome 96.0.4664.110;1280x720;1280x577;Openminded Chunk;Big 5 Personality TIPI (Finnish);4;BCADNEMFLGKHJI;Decision Chunk;Science Chunk;Reasoning Chunk;Openminded Chunk;No;5;5;2;2;7;7;3;3;6;6;3;3;6;6;5;5;4;4;2;2;17243
1;1640803551579;29/12/2021 18:45:51;1640803551968;2;29/12/2021 20:45:51;55551;22;questionnaire-w8n1;;18239889;BLIND;5388970;;complete;;;computer;Desktop or Laptop;Windows 10;Chrome 96.0.4664.110;1440x900;1152x631;Openminded Chunk;Big 5 Personality TIPI (Finnish);4;ABNCMDLEKFJGIH;Decision Chunk;Science Chunk;Reasoning Chunk;Openminded Chunk;No;2;2;2;2;3;3;5;5;5;5;5;5;4;4;5;5;4;4;4;4;43587
1;1640790207609;29/12/2021 15:03:27;1640790206733;2;29/12/2021 17:03:26;55551;22;questionnaire-w8n1;;18237056;BLIND;5387595;;complete;;;computer;Desktop or Laptop;Windows 10;Edge 96.0.1054.62;1536x864;1396x685;Openminded Chunk;Big 5 Personality TIPI (Finnish);4;NAMBLCKDJEIFHG;Decision Chunk;Science Chunk;Reasoning Chunk;Openminded Chunk;No;5;5;5;5;6;6;3;3;5;5;3;3;5;5;2;2;5;5;3;3;72656
1;1640707375045;28/12/2021 16:02:55;1640707374857;2;28/12/2021 18:02:54;55551;22;questionnaire-w8n1;;18228666;BLIND;5384429;;complete;;;computer;Desktop or Laptop;Mac OS 10.15.7;Chrome 96.0.4664.110;1440x900;1440x764;Openminded Chunk;Big 5 Personality TIPI (Finnish);4;LMKNJAIBHCGDFE;Decision Chunk;Science Chunk;Reasoning Chunk;Openminded Chunk;No;5;5;2;2;5;5;3;3;6;6;2;2;7;7;5;5;4;4;3;3;48882
1;1640613652606;27/12/2021 14:00:52;1640613652468;2;27/12/2021 16:00:52;55551;22;questionnaire-w8n1;;18217997;BLIND;5381386;;live;;;computer;Desktop or Laptop;Mac OS 10.15;Firefox 95.0;1440x900;1440x688;Decision Chunk;Big 5 Personality TIPI (Finnish);4;KLJMINHAGBFCED;Decision Chunk;;;;No;5;5;4;4;1;1;4;4;5;5;2;2;4;4;6;6;5;5;1;1;41046
1;1640612798999;27/12/2021 13:46:38;1640612799067;2;27/12/2021 15:46:39;55551;22;questionnaire-w8n1;;18217853;BLIND;5381371;;live;;;computer;Desktop or Laptop;Windows 10;Chrome 96.0.4664.110;1366x768;1366x625;Decision Chunk;Big 5 Personality TIPI (Finnish);4;JKILHMGNFAEBDC;Decision Chunk;;;;No;4;4;1;1;5;5;7;7;4;4;6;6;5;5;5;5;2;2;1;1;43070
1;1640609379009;27/12/2021 12:49:39;1640609379049;2;27/12/2021 14:49:39;55551;22;questionnaire-w8n1;;18217150;BLIND;5380955;;complete;;;computer;Desktop or Laptop;Windows 10;Chrome 96.0.4664.110;1366x768;1366x625;Openminded Chunk;Big 5 Personality TIPI (Finnish);4;HIGJFKELDMCNBA;Decision Chunk;Science Chunk;Reasoning Chunk;Openminded Chunk;No;4;4;7;7;4;4;7;7;4;4;6;6;2;2;2;2;2;2;1;1;52907
1;1640298239182;23/12/2021 22:23:59;1640298239006;2;24/12/2021 00:23:59;55551;22;questionnaire-w8n1;;18199842;BLIND;5375463;;complete;;;computer;Desktop or Laptop;Mac OS 10.15.7;Safari 15.1;1920x1080;1920x1000;Openminded Chunk;Big 5 Personality TIPI (Finnish);4;GHFIEJDKCLBMAN;Decision Chunk;Science Chunk;Reasoning Chunk;Openminded Chunk;No;6;6;2;2;5;5;2;2;7;7;1;1;5;5;1;1;6;6;2;2;47882
1;1640196689984;22/12/2021 18:11:29;1640196690172;2;22/12/2021 20:11:30;55551;22;questionnaire-w8n1;;18187368;BLIND;5372338;;live;;;computer;Desktop or Laptop;Windows 10;Firefox 95.0;640x360;640x295;Reasoning Chunk;Big 5 Personality TIPI (Finnish);4;FGEHDICJBKALNM;Decision Chunk;Science Chunk;Reasoning Chunk;;No;2;2;4;4;6;6;1;1;6;6;5;5;4;4;4;4;6;6;5;5;52459
1;1640101626011;21/12/2021 15:47:06;1640101625926;2;21/12/2021 17:47:05;55551;22;questionnaire-w8n1;;18169867;BLIND;5355205;;complete;;;computer;Desktop or Laptop;Mac OS 10.15.7;Chrome 96.0.4664.110;1280x800;1280x697;Openminded Chunk;Big 5 Personality TIPI (Finnish);4;DECFBGAHNIMJLK;Decision Chunk;Science Chunk;Reasoning Chunk;Openminded Chunk;No;6;6;4;4;5;5;3;3;5;5;4;4;5;5;5;5;5;5;3;3;41735
1;1640071706177;21/12/2021 07:28:26;1640071706875;2;21/12/2021 09:28:26;55551;22;questionnaire-w8n1;;18160523;BLIND;5358132;;live;;;computer;Desktop or Laptop;Windows 10;Chrome 96.0.4664.110;1600x900;1600x757;Reasoning Chunk;Big 5 Personality TIPI (Finnish);4;EFDGCHBIAJNKML;Decision Chunk;Science Chunk;Reasoning Chunk;;No;4;4;4;4;3;3;3;3;5;5;2;2;4;4;3;3;2;2;5;5;32845
1;1640023889288;20/12/2021 18:11:29;1640023890369;2;20/12/2021 20:11:30;55551;22;questionnaire-w8n1;;18152766;BLIND;5354577;;complete;;;computer;Desktop or Laptop;Windows 10;Chrome 96.0.4664.110;1536x864;1536x722;Openminded Chunk;Big 5 Personality TIPI (Finnish);4;CDBEAFNGMHLIKJ;Decision Chunk;Science Chunk;Reasoning Chunk;Openminded Chunk;No;7;7;1;1;7;7;2;2;7;7;4;4;7;7;4;4;6;6;1;1;193140
1;1639744388842;17/12/2021 12:33:08;1639744388651;2;17/12/2021 14:33:08;55551;22;questionnaire-w8n1;;18091131;BLIND;5336084;;complete;;;computer;Desktop or Laptop;Mac OS 10.15.7;Safari 15.1;1440x900;1140x731;Openminded Chunk;Big 5 Personality TIPI (Finnish);4;BCADNEMFLGKHJI;Decision Chunk;Science Chunk;Reasoning Chunk;Openminded Chunk;No;6;6;4;4;3;3;2;2;6;6;2;2;4;4;4;4;6;6;2;2;39971
1;1639470235943;14/12/2021 08:23:55;1639470235644;2;14/12/2021 10:23:55;55551;22;questionnaire-w8n1;;17983982;BLIND;5305503;;complete;;;computer;Desktop or Laptop;Windows 10;Firefox 95.0;1024x576;1024x474;Openminded Chunk;Big 5 Personality TIPI (Finnish);4;MNLAKBJCIDHEGF;Decision Chunk;Science Chunk;Reasoning Chunk;Openminded Chunk;No;5;5;3;3;7;7;2;2;6;6;6;6;6;6;4;4;6;6;3;3;106079
1;1639395130831;13/12/2021 11:32:10;1639395130766;1;13/12/2021 12:32:10;55551;22;questionnaire-w8n1;;17963988;BLIND;5298015;;complete;;;computer;Desktop or Laptop;Linux x86_64;Chrome 96.0.4664.93;1920x1080;1920x924;Openminded Chunk;Big 5 Personality TIPI (Finnish);4;LMKNJAIBHCGDFE;Decision Chunk;Science Chunk;Reasoning Chunk;Openminded Chunk;No;1;1;7;7;2;2;1;1;7;7;7;7;2;2;6;6;1;1;1;1;44163
1;1639238132350;11/12/2021 15:55:32;1639238132006;2;11/12/2021 17:55:32;55551;22;questionnaire-w8n1;;17941555;BLIND;5292007;;complete;;;computer;Desktop or Laptop;Windows 10;Chrome 96.0.4664.45;1920x1080;960x485;Openminded Chunk;Big 5 Personality TIPI (Finnish);4;JKILHMGNFAEBDC;Decision Chunk;Science Chunk;Reasoning Chunk;Openminded Chunk;No;3;3;4;4;6;6;2;2;6;6;4;4;3;3;2;2;2;2;2;2;51813
1;1639209453215;11/12/2021 07:57:33;1639209449791;2;11/12/2021 09:57:29;55551;22;questionnaire-w8n1;;17936627;BLIND;5290491;;complete;;;computer;Desktop or Laptop;Windows 10;Chrome 96.0.4664.93;1536x864;1536x714;Openminded Chunk;Big 5 Personality TIPI (Finnish);4;IJHKGLFMENDACB;Decision Chunk;Science Chunk;Reasoning Chunk;Openminded Chunk;No;4;4;5;5;4;4;5;5;5;5;2;2;4;4;1;1;4;4;5;5;49893
1;1639133914463;10/12/2021 10:58:34;1639133914417;2;10/12/2021 12:58:34;55551;22;questionnaire-w8n1;;17909886;BLIND;5282634;;live;;;computer;Desktop or Laptop;Windows 10;Chrome 96.0.4664.93;1536x864;1536x754;Reasoning Chunk;Big 5 Personality TIPI (Finnish);4;GHFIEJDKCLBMAN;Decision Chunk;Science Chunk;Reasoning Chunk;;No;5;5;5;5;5;5;2;2;4;4;2;2;4;4;4;4;4;4;3;3;42144
1;1638965490156;08/12/2021 12:11:30;1638965490068;2;08/12/2021 14:11:30;55551;22;questionnaire-w8n1;;17841878;BLIND;5258209;;complete;;;computer;Desktop or Laptop;Windows 10;Firefox 94.0;1920x1080;1920x955;Openminded Chunk;Big 5 Personality TIPI (Finnish);4;FGEHDICJBKALNM;Decision Chunk;Science Chunk;Reasoning Chunk;Openminded Chunk;No;5;5;3;3;4;4;2;2;6;6;2;2;5;5;6;6;3;3;2;2;50244
1;1638363283381;01/12/2021 12:54:43;1638363281525;2;01/12/2021 14:54:41;55551;22;questionnaire-w8n1;;17621118;BLIND;5202064;;complete;;;computer;Desktop or Laptop;Windows 7;Chrome 96.0.4664.45;1280x1024;1280x881;Openminded Chunk;Big 5 Personality TIPI (Finnish);4;EFDGCHBIAJNKML;Decision Chunk;Science Chunk;Reasoning Chunk;Openminded Chunk;No;6;6;4;4;5;5;3;3;5;5;2;2;5;5;4;4;4;4;2;2;41523
1;1638354290041;01/12/2021 10:24:50;1638354289890;2;01/12/2021 12:24:49;55551;22;questionnaire-w8n1;;17613698;BLIND;5201242;;complete;;;computer;Desktop or Laptop;Windows 10;Firefox 94.0;1920x1080;1920x909;Openminded Chunk;Big 5 Personality TIPI (Finnish);4;DECFBGAHNIMJLK;Decision Chunk;Science Chunk;Reasoning Chunk;Openminded Chunk;No;5;5;6;6;2;2;2;2;5;5;5;5;3;3;2;2;2;2;6;6;52523
1;1638276654691;30/11/2021 12:50:54;1638276673027;2;30/11/2021 14:51:13;55551;22;questionnaire-w8n1;;17587122;BLIND;5192188;;complete;;;computer;Desktop or Laptop;Windows 10;Firefox 94.0;1600x900;1384x775;Openminded Chunk;Big 5 Personality TIPI (Finnish);4;CDBEAFNGMHLIKJ;Decision Chunk;Science Chunk;Reasoning Chunk;Openminded Chunk;No;3;3;5;5;5;5;4;4;4;4;5;5;5;5;2;2;5;5;5;5;37587
1;1638269524181;30/11/2021 10:52:04;1638269614365;2;30/11/2021 12:53:34;55551;22;questionnaire-w8n1;;17582023;BLIND;5191578;;complete;;;computer;Desktop or Laptop;Windows 10;Chrome 96.0.4664.45;1920x1080;1920x937;Openminded Chunk;Big 5 Personality TIPI (Finnish);4;BCADNEMFLGKHJI;Decision Chunk;Science Chunk;Reasoning Chunk;Openminded Chunk;No;3;3;2;2;5;5;3;3;5;5;6;6;5;5;2;2;6;6;4;4;87794
1;1638230663144;30/11/2021 00:04:23;1638230663042;2;30/11/2021 02:04:23;55551;22;questionnaire-w8n1;;17573908;BLIND;5189349;;live;;;computer;Desktop or Laptop;Ubuntu undefined;Firefox 94.0;1344x756;1100x608;Openminded Chunk;Big 5 Personality TIPI (Finnish);4;ABNCMDLEKFJGIH;Decision Chunk;Science Chunk;Reasoning Chunk;Openminded Chunk;No;1;1;3;3;7;7;5;5;6;6;4;4;4;4;7;7;3;3;1;1;82609
1;1638046900215;27/11/2021 21:01:40;1638046900985;2;27/11/2021 23:01:40;55551;22;questionnaire-w8n1;;17526700;BLIND;5175309;;complete;;;computer;Desktop or Laptop;Windows 10;Chrome 96.0.4664.45;1280x720;1280x577;Openminded Chunk;Big 5 Personality TIPI (Finnish);4;NAMBLCKDJEIFHG;Decision Chunk;Science Chunk;Reasoning Chunk;Openminded Chunk;No;3;3;2;2;6;6;7;7;3;3;5;5;6;6;1;1;2;2;4;4;27837
1;1637663423087;23/11/2021 10:30:23;1637663422906;2;23/11/2021 12:30:22;55551;22;questionnaire-w8n1;;17399581;BLIND;5133586;;complete;;;computer;Desktop or Laptop;Mac OS 10.15.7;Safari 15.0;1280x800;1280x712;Openminded Chunk;Big 5 Personality TIPI (Finnish);4;LMKNJAIBHCGDFE;Decision Chunk;Science Chunk;Reasoning Chunk;Openminded Chunk;No;5;5;5;5;5;5;4;4;5;5;5;5;5;5;5;5;5;5;4;4;64995
1;1637658053073;23/11/2021 09:00:53;1637658052987;2;23/11/2021 11:00:52;55551;22;questionnaire-w8n1;;17396027;BLIND;5133207;;complete;;;computer;Desktop or Laptop;Mac OS 10.13.6;Chrome 94.0.4606.81;1920x1080;1842x680;Openminded Chunk;Big 5 Personality TIPI (Finnish);4;KLJMINHAGBFCED;Decision Chunk;Science Chunk;Reasoning Chunk;Openminded Chunk;No;6;6;5;5;6;6;5;5;6;6;2;2;5;5;4;4;5;5;2;2;48275
1;1637652853379;23/11/2021 07:34:13;1637652853618;2;23/11/2021 09:34:13;55551;22;questionnaire-w8n1;;17395401;BLIND;5132910;;complete;;;computer;Desktop or Laptop;Windows 10;Chrome 95.0.4638.69;1280x720;1280x520;Openminded Chunk;Big 5 Personality TIPI (Finnish);4;JKILHMGNFAEBDC;Decision Chunk;Science Chunk;Reasoning Chunk;Openminded Chunk;No;5;5;6;6;5;5;6;6;6;6;2;2;5;5;4;4;1;1;1;1;144108
1;1637618198261;22/11/2021 21:56:38;1637618197900;2;22/11/2021 23:56:37;55551;22;questionnaire-w8n1;;17390352;BLIND;5130877;;complete;;;computer;Desktop or Laptop;Windows 10;Chrome 96.0.4664.45;1920x1080;1920x937;Openminded Chunk;Big 5 Personality TIPI (Finnish);4;IJHKGLFMENDACB;Decision Chunk;Science Chunk;Reasoning Chunk;Openminded Chunk;No;5;5;3;3;6;6;5;5;6;6;3;3;6;6;2;2;6;6;3;3;35110
1;1637595180105;22/11/2021 15:33:00;1637595180453;2;22/11/2021 17:33:00;55551;22;questionnaire-w8n1;;17377683;BLIND;5126869;;complete;;;computer;Desktop or Laptop;Windows 10;Chrome 96.0.4664.45;1536x864;1536x722;Openminded Chunk;Big 5 Personality TIPI (Finnish);4;HIGJFKELDMCNBA;Decision Chunk;Science Chunk;Reasoning Chunk;Openminded Chunk;No;6;6;6;6;6;6;5;5;6;6;4;4;6;6;4;4;6;6;2;2;52254
1;1637501753513;21/11/2021 13:35:53;1637501752091;2;21/11/2021 15:35:52;55551;22;questionnaire-w8n1;;17351314;BLIND;5120203;;complete;;;computer;Desktop or Laptop;Windows 10;Firefox 94.0;1280x720;1280x605;Openminded Chunk;Big 5 Personality TIPI (Finnish);4;GHFIEJDKCLBMAN;Decision Chunk;Science Chunk;Reasoning Chunk;Openminded Chunk;No;4;4;4;4;4;4;6;6;5;5;4;4;4;4;5;5;3;3;2;2;72252
1;1637331835083;19/11/2021 14:23:55;1637331835011;2;19/11/2021 16:23:55;55551;22;questionnaire-w8n1;;17315340;BLIND;5110749;;complete;;;computer;Desktop or Laptop;Mac OS 10.14.6;Chrome 96.0.4664.45;1440x900;1152x613;Openminded Chunk;Big 5 Personality TIPI (Finnish);4;EFDGCHBIAJNKML;Decision Chunk;Science Chunk;Reasoning Chunk;Openminded Chunk;No;3;3;2;2;4;4;6;6;6;6;3;3;6;6;2;2;4;4;1;1;62597
1;1635944318843;03/11/2021 12:58:38;1635944318674;2;03/11/2021 14:58:38;55551;22;questionnaire-w8n1;;16851897;BLIND;4986367;;complete;;;computer;Desktop or Laptop;Windows 10;Firefox 93.0;1920x1080;1829x967;Openminded Chunk;Big 5 Personality TIPI (Finnish);4;CDBEAFNGMHLIKJ;Decision Chunk;Science Chunk;Reasoning Chunk;Openminded Chunk;No;3;3;3;3;5;5;3;3;5;5;5;5;5;5;5;5;6;6;2;2;26310
1;1635860439074;02/11/2021 13:40:39;1635860438085;1;02/11/2021 14:40:38;55551;22;questionnaire-w8n1;;16830505;BLIND;4978306;;complete;;;computer;Desktop or Laptop;Windows 10;Chrome 95.0.4638.69;1536x864;1442x712;Openminded Chunk;Big 5 Personality TIPI (Finnish);4;BCADNEMFLGKHJI;Decision Chunk;Science Chunk;Reasoning Chunk;Openminded Chunk;No;5;5;5;5;7;7;2;2;7;7;6;6;5;5;5;5;4;4;1;1;25328
1;1635789782965;01/11/2021 18:03:02;1635789782766;2;01/11/2021 20:03:02;55551;22;questionnaire-w8n1;;16813969;BLIND;4973999;;complete;;;computer;Desktop or Laptop;Mac OS 10.15;Firefox 93.0;1440x900;1440x717;Openminded Chunk;Big 5 Personality TIPI (Finnish);4;ABNCMDLEKFJGIH;Decision Chunk;Science Chunk;Reasoning Chunk;Openminded Chunk;No;3;3;2;2;6;6;5;5;3;3;7;7;6;6;2;2;5;5;3;3;92653
1;1635529640581;29/10/2021 17:47:20;1635529640261;3;29/10/2021 20:47:20;55551;22;questionnaire-w8n1;;16777051;BLIND;4959547;;complete;;;computer;Desktop or Laptop;Windows 10;Chrome 95.0.4638.54;1536x864;1536x722;Openminded Chunk;Big 5 Personality TIPI (Finnish);4;MNLAKBJCIDHEGF;Decision Chunk;Science Chunk;Reasoning Chunk;Openminded Chunk;No;7;7;2;2;2;2;2;2;6;6;1;1;5;5;5;5;3;3;2;2;137325
1;1635512583960;29/10/2021 13:03:03;1635512584069;3;29/10/2021 16:03:04;55551;22;questionnaire-w8n1;;16771594;BLIND;4960307;;live;;;computer;Desktop or Laptop;Windows 10;Chrome 95.0.4638.69;1280x720;1280x577;Reasoning Chunk;Big 5 Personality TIPI (Finnish);4;NAMBLCKDJEIFHG;Decision Chunk;Science Chunk;Reasoning Chunk;;No;6;6;2;2;4;4;6;6;7;7;2;2;7;7;3;3;5;5;3;3;33841
1;1635502979915;29/10/2021 10:22:59;1635502980106;3;29/10/2021 13:23:00;55551;22;questionnaire-w8n1;;16768587;BLIND;4959255;;complete;;;computer;Desktop or Laptop;Windows 10;Chrome 94.0.4606.81;1280x720;1422x641;Openminded Chunk;Big 5 Personality TIPI (Finnish);4;LMKNJAIBHCGDFE;Decision Chunk;Science Chunk;Reasoning Chunk;Openminded Chunk;No;2;2;4;4;2;2;6;6;5;5;6;6;6;6;7;7;2;2;3;3;64021
1;1635355406090;27/10/2021 17:23:26;1635355406304;3;27/10/2021 20:23:26;55551;22;questionnaire-w8n1;;16734339;BLIND;4948269;;complete;;;computer;Desktop or Laptop;Windows 10;Chrome 95.0.4638.54;1280x720;1280x609;Openminded Chunk;Big 5 Personality TIPI (Finnish);4;KLJMINHAGBFCED;Decision Chunk;Science Chunk;Reasoning Chunk;Openminded Chunk;No;5;5;3;3;6;6;3;3;3;3;2;2;6;6;5;5;3;3;2;2;108072
1;1635351188314;27/10/2021 16:13:08;1635351188177;3;27/10/2021 19:13:08;55551;22;questionnaire-w8n1;;16732553;BLIND;4948053;;complete;;;computer;Desktop or Laptop;Mac OS 10.15.7;Safari 15.0;1680x1050;1421x814;Openminded Chunk;Big 5 Personality TIPI (Finnish);4;JKILHMGNFAEBDC;Decision Chunk;Science Chunk;Reasoning Chunk;Openminded Chunk;No;7;7;3;3;4;4;4;4;4;4;3;3;6;6;5;5;3;3;4;4;48279
1;1635346087341;27/10/2021 14:48:07;1635346089479;3;27/10/2021 17:48:09;55551;22;questionnaire-w8n1;;16729585;BLIND;4946837;;complete;;;computer;Desktop or Laptop;Windows 10;Chrome 94.0.4606.81;1366x768;1366x625;Openminded Chunk;Big 5 Personality TIPI (Finnish);4;IJHKGLFMENDACB;Decision Chunk;Science Chunk;Reasoning Chunk;Openminded Chunk;No;2;2;5;5;7;7;1;1;5;5;6;6;2;2;1;1;6;6;2;2;93628
1;1635341916918;27/10/2021 13:38:36;1635341916768;3;27/10/2021 16:38:36;55551;22;questionnaire-w8n1;;16727175;BLIND;4945017;;complete;;;computer;Desktop or Laptop;Mac OS 10.15.7;Safari 15.0;1280x800;997x635;Openminded Chunk;Big 5 Personality TIPI (Finnish);4;HIGJFKELDMCNBA;Decision Chunk;Science Chunk;Reasoning Chunk;Openminded Chunk;No;5;5;3;3;6;6;2;2;6;6;2;2;5;5;2;2;6;6;5;5;84626
1;1635331165688;27/10/2021 10:39:25;1635331165581;3;27/10/2021 13:39:25;55551;22;questionnaire-w8n1;;16723736;BLIND;4943807;;complete;;;computer;Desktop or Laptop;Windows 10;Chrome 95.0.4638.54;1280x720;1280x587;Openminded Chunk;Big 5 Personality TIPI (Finnish);4;GHFIEJDKCLBMAN;Decision Chunk;Science Chunk;Reasoning Chunk;Openminded Chunk;No;5;5;2;2;6;6;2;2;6;6;2;2;7;7;2;2;6;6;2;2;73362
1;1635177466952;25/10/2021 15:57:46;1635177466840;3;25/10/2021 18:57:46;55551;22;questionnaire-w8n1;;16663096;BLIND;4922817;;complete;;;computer;Desktop or Laptop;Mac OS 10.15.7;Chrome 94.0.4606.54;1280x800;1167x641;Openminded Chunk;Big 5 Personality TIPI (Finnish);4;EFDGCHBIAJNKML;Decision Chunk;Science Chunk;Reasoning Chunk;Openminded Chunk;No;3;3;2;2;4;4;4;4;6;6;5;5;7;7;5;5;4;4;3;3;80398
1;1635169179222;25/10/2021 13:39:39;1635169179141;3;25/10/2021 16:39:39;55551;22;questionnaire-w8n1;;16658165;BLIND;4921307;;complete;;;computer;Desktop or Laptop;Windows 10;Firefox 78.0;1920x1200;1606x1030;Openminded Chunk;Big 5 Personality TIPI (Finnish);4;DECFBGAHNIMJLK;Decision Chunk;Science Chunk;Reasoning Chunk;Openminded Chunk;No;5;5;5;5;3;3;6;6;5;5;3;3;4;4;3;3;3;3;3;3;82319
1;1635086947971;24/10/2021 14:49:07;1635086952018;3;24/10/2021 17:49:12;55551;22;questionnaire-w8n1;;16635328;BLIND;4916307;;complete;;;computer;Desktop or Laptop;Windows 10;Firefox 93.0;1366x768;1366x643;Openminded Chunk;Big 5 Personality TIPI (Finnish);4;CDBEAFNGMHLIKJ;Decision Chunk;Science Chunk;Reasoning Chunk;Openminded Chunk;No;3;3;3;3;4;4;6;6;5;5;4;4;4;4;5;5;3;3;3;3;37647
1;1635007960929;23/10/2021 16:52:40;1635007970086;2;23/10/2021 18:52:50;55551;22;questionnaire-w8n1;;16624865;BLIND;4914191;;complete;;;computer;Desktop or Laptop;Windows 10;Chrome 94.0.4606.81;1536x864;1536x722;Openminded Chunk;Big 5 Personality TIPI (Finnish);4;BCADNEMFLGKHJI;Decision Chunk;Science Chunk;Reasoning Chunk;Openminded Chunk;No;7;7;2;2;3;3;2;2;5;5;2;2;7;7;3;3;3;3;1;1;62713
1;1634899490110;22/10/2021 10:44:50;1634899489954;3;22/10/2021 13:44:49;55551;22;questionnaire-w8n1;;16591432;BLIND;4907987;;live;;;computer;Desktop or Laptop;Windows 10;Firefox 78.0;1280x720;1280x573;Reasoning Chunk;Big 5 Personality TIPI (Finnish);4;ABNCMDLEKFJGIH;Decision Chunk;Science Chunk;Reasoning Chunk;;No;2;2;1;1;5;5;2;2;5;5;3;3;6;6;2;2;6;6;3;3;45467
1;1634754023487;20/10/2021 18:20:23;1634754025375;3;20/10/2021 21:20:25;55551;22;questionnaire-w8n1;;16547615;BLIND;4891916;;live;;;computer;Desktop or Laptop;Windows 10;Chrome 94.0.4606.81;1536x864;1536x722;Openminded Chunk;Big 5 Personality TIPI (Finnish);4;NAMBLCKDJEIFHG;Decision Chunk;Science Chunk;Reasoning Chunk;Openminded Chunk;No;3;3;5;5;3;3;5;5;6;6;6;6;4;4;6;6;4;4;3;3;59805
1;1634742331097;20/10/2021 15:05:31;1634742331003;3;20/10/2021 18:05:31;55551;22;questionnaire-w8n1;;16541113;BLIND;4886773;;complete;;;computer;Desktop or Laptop;Windows 10;Chrome 95.0.4638.54;1920x1200;1481x610;Openminded Chunk;Big 5 Personality TIPI (Finnish);4;MNLAKBJCIDHEGF;Decision Chunk;Science Chunk;Reasoning Chunk;Openminded Chunk;No;6;6;1;1;4;4;5;5;6;6;2;2;6;6;4;4;3;3;2;2;36712
1;1634731561535;20/10/2021 12:06:01;1634731561417;3;20/10/2021 15:06:01;55551;22;questionnaire-w8n1;;16534758;BLIND;4888071;;complete;;;computer;Desktop or Laptop;Windows 10;Firefox 78.0;1536x864;1536x750;Openminded Chunk;Big 5 Personality TIPI (Finnish);4;LMKNJAIBHCGDFE;Decision Chunk;Science Chunk;Reasoning Chunk;Openminded Chunk;No;6;6;5;5;5;5;5;5;7;7;6;6;6;6;2;2;3;3;1;1;156850
1;1634722324386;20/10/2021 09:32:04;1634722324132;3;20/10/2021 12:32:04;55551;22;questionnaire-w8n1;;16529654;BLIND;4879113;;complete;;;computer;Desktop or Laptop;Windows 10;Firefox 78.0;1536x864;1536x721;Openminded Chunk;Big 5 Personality TIPI (Finnish);4;IJHKGLFMENDACB;Decision Chunk;Science Chunk;Reasoning Chunk;Openminded Chunk;No;5;5;1;1;6;6;1;1;5;5;3;3;5;5;2;2;5;5;3;3;86400
1;1634722191611;20/10/2021 09:29:51;1634722191495;3;20/10/2021 12:29:51;55551;22;questionnaire-w8n1;;16529565;BLIND;4887029;;complete;;;computer;Desktop or Laptop;Windows 10;Chrome 94.0.4606.81;1920x1080;1621x883;Openminded Chunk;Big 5 Personality TIPI (Finnish);4;JKILHMGNFAEBDC;Decision Chunk;Science Chunk;Reasoning Chunk;Openminded Chunk;No;6;6;3;3;7;7;1;1;7;7;3;3;4;4;2;2;7;7;5;5;122908
1;1634721477068;20/10/2021 09:17:57;1634721476984;3;20/10/2021 12:17:56;55551;22;questionnaire-w8n1;;16529231;BLIND;4886824;;complete;;;computer;Desktop or Laptop;Windows 10;Chrome 94.0.4606.81;1536x864;1536x722;Openminded Chunk;Big 5 Personality TIPI (Finnish);4;HIGJFKELDMCNBA;Decision Chunk;Science Chunk;Reasoning Chunk;Openminded Chunk;No;2;2;3;3;5;5;3;3;5;5;5;5;6;6;5;5;5;5;2;2;80104
1;1634719105568;20/10/2021 08:38:25;1634719105474;3;20/10/2021 11:38:25;55551;22;questionnaire-w8n1;;16527974;BLIND;4886771;;live;;;computer;Desktop or Laptop;Windows 10;Firefox 91.0;2560x1440;2093x911;Reasoning Chunk;Big 5 Personality TIPI (Finnish);4;GHFIEJDKCLBMAN;Decision Chunk;Science Chunk;Reasoning Chunk;;No;4;4;3;3;6;6;4;4;4;4;4;4;4;4;2;2;6;6;4;4;32249
1;1634718058188;20/10/2021 08:20:58;1634718058062;3;20/10/2021 11:20:58;55551;22;questionnaire-w8n1;;16527371;BLIND;4886552;;complete;;;computer;Desktop or Laptop;Windows 10;Chrome 94.0.4606.81;1280x720;1280x520;Openminded Chunk;Big 5 Personality TIPI (Finnish);4;FGEHDICJBKALNM;Decision Chunk;Science Chunk;Reasoning Chunk;Openminded Chunk;No;2;2;3;3;6;6;5;5;5;5;6;6;5;5;1;1;5;5;3;3;33402
1;1634047075462;12/10/2021 13:57:55;1634047075336;3;12/10/2021 16:57:55;55551;22;questionnaire-w8n1;;16329365;BLIND;4831981;;complete;;;computer;Desktop or Laptop;Windows 10;Chrome 94.0.4606.71;1280x720;1253x580;Openminded Chunk;Big 5 Personality TIPI (Finnish);4;CDBEAFNGMHLIKJ;Decision Chunk;Science Chunk;Reasoning Chunk;Openminded Chunk;No;5;5;6;6;6;6;2;2;5;5;5;5;6;6;3;3;3;3;1;1;57784
1;1634044410292;12/10/2021 13:13:30;1634044410212;3;12/10/2021 16:13:30;55551;22;questionnaire-w8n1;;16327289;BLIND;4831351;;complete;;;computer;Desktop or Laptop;Mac OS 10.15.7;Chrome 94.0.4606.71;1440x900;1440x733;Openminded Chunk;Big 5 Personality TIPI (Finnish);4;BCADNEMFLGKHJI;Decision Chunk;Science Chunk;Reasoning Chunk;Openminded Chunk;No;6;6;4;4;7;7;1;1;7;7;2;2;4;4;1;1;2;2;1;1;89656
1;1632750442154;27/09/2021 13:47:22;1632750441795;3;27/09/2021 16:47:21;55551;22;questionnaire-w8n1;;16022626;BLIND;4733678;;complete;;;computer;Desktop or Laptop;Windows 10;Chrome 94.0.4606.54;1920x1080;1399x809;Openminded Chunk;Big 5 Personality TIPI (Finnish);4;ABNCMDLEKFJGIH;Decision Chunk;Science Chunk;Reasoning Chunk;Openminded Chunk;No;1;1;2;2;3;3;4;4;4;4;5;5;5;5;3;3;2;2;5;5;7519
1;1639593152459;15/12/2021 18:32:32;1639593152526;2;15/12/2021 20:32:32;55551;22;questionnaire-w8n1;;18031149;BLIND;5320807;;complete;;;computer;Desktop or Laptop;Windows 10;Firefox 95.0;1920x1080;1920x899;Openminded Chunk;Big 5 Personality TIPI (Finnish);4;ABNCMDLEKFJGIH;Decision Chunk;Science Chunk;Reasoning Chunk;Openminded Chunk;No;6;6;5;5;5;5;4;4;5;5;2;2;6;6;3;3;5;5;2;2;86795
1;1639583796267;15/12/2021 15:56:36;1639583796373;2;15/12/2021 17:56:36;55551;22;questionnaire-w8n1;;18022305;BLIND;5317567;;live;;;computer;Desktop or Laptop;Windows 10;Chrome 96.0.4664.93;1920x1080;1920x937;Reasoning Chunk;Big 5 Personality TIPI (Finnish);4;NAMBLCKDJEIFHG;Decision Chunk;Science Chunk;Reasoning Chunk;;No;6;6;5;5;4;4;2;2;5;5;2;2;5;5;2;2;5;5;3;3;136982
1;1639331860715;12/12/2021 17:57:40;1639331860594;2;12/12/2021 19:57:40;55551;22;questionnaire-w8n1;;17954998;BLIND;5294346;;live;;;computer;Desktop or Laptop;Linux x86_64;Firefox 94.0;1920x1080;1920x966;Science Chunk;Big 5 Personality TIPI (Finnish);4;KLJMINHAGBFCED;Decision Chunk;Science Chunk;;;No;6;6;5;5;1;1;1;1;7;7;1;1;2;2;7;7;2;2;7;7;113170
1;1639163321300;10/12/2021 19:08:41;1639163321195;2;10/12/2021 21:08:41;55551;22;questionnaire-w8n1;;17927913;BLIND;5287907;;complete;;;computer;Desktop or Laptop;Mac OS 10.13.6;Safari 13.1.2;1920x1080;1324x994;Openminded Chunk;Big 5 Personality TIPI (Finnish);4;HIGJFKELDMCNBA;Decision Chunk;Science Chunk;Reasoning Chunk;Openminded Chunk;No;5;5;2;2;6;6;4;4;5;5;3;3;6;6;3;3;6;6;3;3;131484
1;1637855739438;25/11/2021 15:55:39;1637855739314;2;25/11/2021 17:55:39;55551;22;questionnaire-w8n1;;17476531;BLIND;5156990;;complete;;;computer;Desktop or Laptop;Windows 10;Firefox 94.0;1280x720;1280x577;Openminded Chunk;Big 5 Personality TIPI (Finnish);4;MNLAKBJCIDHEGF;Decision Chunk;Science Chunk;Reasoning Chunk;Openminded Chunk;No;5;5;6;6;6;6;7;7;5;5;2;2;7;7;1;1;4;4;3;3;7756881
1;1637431803632;20/11/2021 18:10:03;1637431803561;2;20/11/2021 20:10:03;55551;22;questionnaire-w8n1;;17342121;BLIND;5117494;;live;;;computer;Desktop or Laptop;Mac OS 10.15.7;Chrome 96.0.4664.55;2048x1152;1540x838;Reasoning Chunk;Big 5 Personality TIPI (Finnish);4;FGEHDICJBKALNM;Decision Chunk;Science Chunk;Reasoning Chunk;;No;2;2;4;4;5;5;2;2;6;6;6;6;4;4;4;4;5;5;1;1;85517
1;1635251039745;26/10/2021 12:23:59;1635251039224;3;26/10/2021 15:23:59;55551;22;questionnaire-w8n1;;16689100;BLIND;4929121;;complete;;;computer;Desktop or Laptop;Windows 10;Chrome 95.0.4638.54;1920x1200;1259x953;Openminded Chunk;Big 5 Personality TIPI (Finnish);4;FGEHDICJBKALNM;Decision Chunk;Science Chunk;Reasoning Chunk;Openminded Chunk;No;5;5;5;5;5;5;6;6;5;5;6;6;6;6;4;4;5;5;7;7;100747
1;1634637810285;19/10/2021 10:03:30;1634637808519;3;19/10/2021 13:03:28;55551;22;questionnaire-w8n1;;16492440;BLIND;4877584;;complete;;;computer;Desktop or Laptop;Windows 10;Edge 94.0.992.50;1920x1200;1260x780;Openminded Chunk;Big 5 Personality TIPI (Finnish);4;DECFBGAHNIMJLK;Decision Chunk;Science Chunk;Reasoning Chunk;Openminded Chunk;No;3;3;3;3;5;5;2;2;5;5;5;5;6;6;3;3;3;3;4;4;52473
END OF FILE
