Event Index;UTC Timestamp;UTC Date;Local Timestamp;Local Timezone;Local Date;Experiment ID;Experiment Version;Tree Node Key;Repeat Key;Schedule ID;Participant Public ID;Participant Private ID;Participant Starting Group;Participant Status;Participant Completion Code;Participant External Session ID;Participant Device Type;Participant Device;Participant OS;Participant Browser;Participant Monitor Size;Participant Viewport Size;Checkpoint;Task Name;Task Version;order-8fbu;checkpoint-jqo9;checkpoint-c9q5;checkpoint-a7bi;checkpoint-jcga;Randomise questionnaire elements?;gender;gender-text;gender-quantised;Age;Age-text;Age-quantised;Country;Country-text;Country-quantised;Language;Language-text;Language-quantised;Education;Education-text;Education-quantised;END QUESTIONNAIRE
1;1632748118379;27/09/2021 13:08:38;1632748118127;3;27/09/2021 16:08:38;55551;22;questionnaire-c7cw;;16021435;BLIND;4733678;;complete;;;computer;Desktop or Laptop;Windows 10;Chrome 94.0.4606.54;1920x1080;1399x809;Openminded Chunk;Demographics (Finnish);6;ABNCMDLEKFJGIH;Decision Chunk;Science Chunk;Reasoning Chunk;Openminded Chunk;No;Nainen;;1;32;;15;Suomi;;209;Ei ole / perusteet;;1;Tohtorintutkinto / lisensiaattitutkinto;;1;29071
1;1634040334088;12/10/2021 12:05:34;1634040333956;3;12/10/2021 15:05:33;55551;22;questionnaire-c7cw;;16325036;BLIND;4831351;;complete;;;computer;Desktop or Laptop;Mac OS 10.15.7;Chrome 94.0.4606.71;1440x900;1440x733;Openminded Chunk;Demographics (Finnish);6;BCADNEMFLGKHJI;Decision Chunk;Science Chunk;Reasoning Chunk;Openminded Chunk;No;Mies;;2;59;;42;Suomi;;209;Sujuva / äidinkieli;;3;Ylempi korkeakoulututkinto (esim. Maisteri / diplomi-insinööri / ylempi amk / lääkärit);;2;30725
1;1634043249995;12/10/2021 12:54:09;1634043249859;3;12/10/2021 15:54:09;55551;22;questionnaire-c7cw;;16326566;BLIND;4831981;;complete;;;computer;Desktop or Laptop;Windows 10;Chrome 94.0.4606.71;1280x720;1253x580;Openminded Chunk;Demographics (Finnish);6;CDBEAFNGMHLIKJ;Decision Chunk;Science Chunk;Reasoning Chunk;Openminded Chunk;No;Nainen;;1;46;;29;Suomi;;209;Sujuva / äidinkieli;;3;Ylempi korkeakoulututkinto (esim. Maisteri / diplomi-insinööri / ylempi amk / lääkärit);;2;25854
1;1634633804550;19/10/2021 08:56:44;1634633804453;3;19/10/2021 11:56:44;55551;22;questionnaire-c7cw;;16489248;BLIND;4877584;;complete;;;computer;Desktop or Laptop;Windows 10;Edge 94.0.992.50;1920x1200;1260x654;Openminded Chunk;Demographics (Finnish);6;DECFBGAHNIMJLK;Decision Chunk;Science Chunk;Reasoning Chunk;Openminded Chunk;No;Nainen;;1;27;;10;Suomi;;209;Sujuva / äidinkieli;;3;Ylempi korkeakoulututkinto (esim. Maisteri / diplomi-insinööri / ylempi amk / lääkärit);;2;21077
1;1634710784977;20/10/2021 06:19:44;1634710784876;3;20/10/2021 09:19:44;55551;22;questionnaire-c7cw;;16525717;BLIND;4886552;;complete;;;computer;Desktop or Laptop;Windows 10;Chrome 94.0.4606.81;1280x720;1280x577;Openminded Chunk;Demographics (Finnish);6;FGEHDICJBKALNM;Decision Chunk;Science Chunk;Reasoning Chunk;Openminded Chunk;No;Nainen;;1;34;;17;Suomi;;209;Sujuva / äidinkieli;;3;Ylempi korkeakoulututkinto (esim. Maisteri / diplomi-insinööri / ylempi amk / lääkärit);;2;23997
1;1634714936836;20/10/2021 07:28:56;1634714936714;3;20/10/2021 10:28:56;55551;22;questionnaire-c7cw;;16526167;BLIND;4886650;;live;;;computer;Desktop or Laptop;Windows 10;Edge 94.0.992.50;2560x1440;1696x1265;Science Chunk;Demographics (Finnish);6;EFDGCHBIAJNKML;Decision Chunk;Science Chunk;;;No;Nainen;;1;39;;22;Suomi;;209;Sujuva / äidinkieli;;3;Tohtorintutkinto / lisensiaattitutkinto;;1;28525
1;1634716915854;20/10/2021 08:01:55;1634716915754;3;20/10/2021 11:01:55;55551;22;questionnaire-c7cw;;16526808;BLIND;4886771;;live;;;computer;Desktop or Laptop;Windows 10;Firefox 91.0;2560x1440;2093x911;Reasoning Chunk;Demographics (Finnish);6;GHFIEJDKCLBMAN;Decision Chunk;Science Chunk;Reasoning Chunk;;No;Nainen;;1;63;;46;Suomi;;209;Sujuva / äidinkieli;;3;Ylempi korkeakoulututkinto (esim. Maisteri / diplomi-insinööri / ylempi amk / lääkärit);;2;26228
1;1634717467372;20/10/2021 08:11:07;1634717467263;3;20/10/2021 11:11:07;55551;22;questionnaire-c7cw;;16527042;BLIND;4886824;;complete;;;computer;Desktop or Laptop;Windows 10;Chrome 94.0.4606.81;1536x864;1536x722;Openminded Chunk;Demographics (Finnish);6;HIGJFKELDMCNBA;Decision Chunk;Science Chunk;Reasoning Chunk;Openminded Chunk;No;Nainen;;1;30;;13;Suomi;;209;Sujuva / äidinkieli;;3;Alempi korkeakoulututkinto (esim. Kandidaatti / alempi amk);;3;28561
1;1634719702776;20/10/2021 08:48:22;1634719702692;3;20/10/2021 11:48:22;55551;22;questionnaire-c7cw;;16528241;BLIND;4887029;;complete;;;computer;Desktop or Laptop;Windows 10;Chrome 94.0.4606.81;1920x1080;1621x883;Openminded Chunk;Demographics (Finnish);6;JKILHMGNFAEBDC;Decision Chunk;Science Chunk;Reasoning Chunk;Openminded Chunk;No;En halua kertoa;;5;58;;41;Suomi;;209;Sujuva / äidinkieli;;3;Tohtorintutkinto / lisensiaattitutkinto;;1;25583
1;1634720492988;20/10/2021 09:01:32;1634720492796;3;20/10/2021 12:01:32;55551;22;questionnaire-c7cw;;16528757;BLIND;4879113;;complete;;;computer;Desktop or Laptop;Windows 10;Firefox 78.0;1536x864;1536x721;Openminded Chunk;Demographics (Finnish);6;IJHKGLFMENDACB;Decision Chunk;Science Chunk;Reasoning Chunk;Openminded Chunk;No;Nainen;;1;58;;41;Suomi;;209;Sujuva / äidinkieli;;3;Ylempi korkeakoulututkinto (esim. Maisteri / diplomi-insinööri / ylempi amk / lääkärit);;2;29228
1;1634723930051;20/10/2021 09:58:50;1634723931064;3;20/10/2021 12:58:51;55551;22;questionnaire-c7cw;;16530507;BLIND;4887607;;complete;;;computer;Desktop or Laptop;Windows 10;Firefox 93.0;1280x720;1280x595;Openminded Chunk;Demographics (Finnish);6;KLJMINHAGBFCED;Decision Chunk;Science Chunk;Reasoning Chunk;Openminded Chunk;No;Nainen;;1;65;;48;Suomi;;209;Sujuva / äidinkieli;;3;Ylempi korkeakoulututkinto (esim. Maisteri / diplomi-insinööri / ylempi amk / lääkärit);;2;61573
1;1634726395423;20/10/2021 10:39:55;1634726395330;3;20/10/2021 13:39:55;55551;22;questionnaire-c7cw;;16531964;BLIND;4888071;;complete;;;computer;Desktop or Laptop;Windows 10;Firefox 78.0;1536x864;1536x750;Openminded Chunk;Demographics (Finnish);6;LMKNJAIBHCGDFE;Decision Chunk;Science Chunk;Reasoning Chunk;Openminded Chunk;No;Nainen;;1;35;;18;Suomi;;209;Sujuva / äidinkieli;;3;Ylempi korkeakoulututkinto (esim. Maisteri / diplomi-insinööri / ylempi amk / lääkärit);;2;31065
1;1634738695459;20/10/2021 14:04:55;1634738695375;3;20/10/2021 17:04:55;55551;22;questionnaire-c7cw;;16538124;BLIND;4886773;;complete;;;computer;Desktop or Laptop;Windows 10;Chrome 95.0.4638.54;1920x1200;1481x977;Openminded Chunk;Demographics (Finnish);6;MNLAKBJCIDHEGF;Decision Chunk;Science Chunk;Reasoning Chunk;Openminded Chunk;No;Nainen;;1;45;;28;Suomi;;209;Sujuva / äidinkieli;;3;Tohtorintutkinto / lisensiaattitutkinto;;1;22693
1;1634750375081;20/10/2021 17:19:35;1634750376957;3;20/10/2021 20:19:36;55551;22;questionnaire-c7cw;;16545173;BLIND;4891916;;live;;;computer;Desktop or Laptop;Windows 10;Chrome 94.0.4606.81;1536x864;1536x722;Openminded Chunk;Demographics (Finnish);6;NAMBLCKDJEIFHG;Decision Chunk;Science Chunk;Reasoning Chunk;Openminded Chunk;No;Muunsukupuolinen;;3;44;;27;Suomi;;209;Sujuva / äidinkieli;;3;Ylempi korkeakoulututkinto (esim. Maisteri / diplomi-insinööri / ylempi amk / lääkärit);;2;23778
1;1634896571085;22/10/2021 09:56:11;1634896570908;3;22/10/2021 12:56:10;55551;22;questionnaire-c7cw;;16590479;BLIND;4907987;;live;;;computer;Desktop or Laptop;Windows 10;Firefox 78.0;1280x720;1280x573;Reasoning Chunk;Demographics (Finnish);6;ABNCMDLEKFJGIH;Decision Chunk;Science Chunk;Reasoning Chunk;;No;Nainen;;1;37;;20;Suomi;;209;Sujuva / äidinkieli;;3;Ylempi korkeakoulututkinto (esim. Maisteri / diplomi-insinööri / ylempi amk / lääkärit);;2;21057
1;1635002810904;23/10/2021 15:26:50;1635002820206;2;23/10/2021 17:27:00;55551;22;questionnaire-c7cw;;16623576;BLIND;4914191;;complete;;;computer;Desktop or Laptop;Windows 10;Chrome 94.0.4606.81;1536x864;1536x722;Openminded Chunk;Demographics (Finnish);6;BCADNEMFLGKHJI;Decision Chunk;Science Chunk;Reasoning Chunk;Openminded Chunk;No;Nainen;;1;27;;10;Norja;;157;Sujuva / äidinkieli;;3;Ylioppislastutkinto;;5;38216
1;1635081577432;24/10/2021 13:19:37;1635081581440;3;24/10/2021 16:19:41;55551;22;questionnaire-c7cw;;16633580;BLIND;4916307;;complete;;;computer;Desktop or Laptop;Windows 10;Firefox 93.0;1366x768;1366x643;Openminded Chunk;Demographics (Finnish);6;CDBEAFNGMHLIKJ;Decision Chunk;Science Chunk;Reasoning Chunk;Openminded Chunk;No;Muunsukupuolinen;;3;33;;16;Suomi;;209;Sujuva / äidinkieli;;3;Ylioppislastutkinto;;5;30060
1;1635164367132;25/10/2021 12:19:27;1635164367016;3;25/10/2021 15:19:27;55551;22;questionnaire-c7cw;;16655012;BLIND;4921307;;complete;;;computer;Desktop or Laptop;Windows 10;Firefox 78.0;1920x1200;1606x1030;Openminded Chunk;Demographics (Finnish);6;DECFBGAHNIMJLK;Decision Chunk;Science Chunk;Reasoning Chunk;Openminded Chunk;No;Nainen;;1;53;;36;Suomi;;209;Sujuva / äidinkieli;;3;Alempi korkeakoulututkinto (esim. Kandidaatti / alempi amk);;3;28149
1;1635171837448;25/10/2021 14:23:57;1635171837300;3;25/10/2021 17:23:57;55551;22;questionnaire-c7cw;;16659642;BLIND;4922817;;complete;;;computer;Desktop or Laptop;Mac OS 10.15.7;Chrome 94.0.4606.54;1280x800;1167x641;Openminded Chunk;Demographics (Finnish);6;EFDGCHBIAJNKML;Decision Chunk;Science Chunk;Reasoning Chunk;Openminded Chunk;No;Nainen;;1;26;;9;Suomi;;209;Sujuva / äidinkieli;;3;Ylioppislastutkinto;;5;36404
1;1635243524973;26/10/2021 10:18:44;1635243524928;3;26/10/2021 13:18:44;55551;22;questionnaire-c7cw;;16684829;BLIND;4929121;;complete;;;computer;Desktop or Laptop;Windows 10;Chrome 95.0.4638.54;1920x1200;1517x953;Openminded Chunk;Demographics (Finnish);6;FGEHDICJBKALNM;Decision Chunk;Science Chunk;Reasoning Chunk;Openminded Chunk;No;Nainen;;1;27;;10;Suomi;;209;Sujuva / äidinkieli;;3;Alempi korkeakoulututkinto (esim. Kandidaatti / alempi amk);;3;19603
1;1635328591190;27/10/2021 09:56:31;1635328591171;3;27/10/2021 12:56:31;55551;22;questionnaire-c7cw;;16723089;BLIND;4943807;;complete;;;computer;Desktop or Laptop;Windows 10;Chrome 95.0.4638.54;1280x720;1280x587;Openminded Chunk;Demographics (Finnish);6;GHFIEJDKCLBMAN;Decision Chunk;Science Chunk;Reasoning Chunk;Openminded Chunk;No;Nainen;;1;45;;28;Suomi;;209;Sujuva / äidinkieli;;3;Ylempi korkeakoulututkinto (esim. Maisteri / diplomi-insinööri / ylempi amk / lääkärit);;2;25197
1;1635338590570;27/10/2021 12:43:10;1635338590376;3;27/10/2021 15:43:10;55551;22;questionnaire-c7cw;;16725919;BLIND;4945017;;complete;;;computer;Desktop or Laptop;Mac OS 10.15.7;Safari 15.0;1280x800;997x635;Openminded Chunk;Demographics (Finnish);6;HIGJFKELDMCNBA;Decision Chunk;Science Chunk;Reasoning Chunk;Openminded Chunk;No;Mies;;2;62;;45;Suomi;;209;Sujuva / äidinkieli;;3;Ylioppislastutkinto;;5;49720
1;1635344203448;27/10/2021 14:16:43;1635344205618;3;27/10/2021 17:16:45;55551;22;questionnaire-c7cw;;16728572;BLIND;4946837;;complete;;;computer;Desktop or Laptop;Windows 10;Chrome 94.0.4606.81;1366x768;1366x625;Openminded Chunk;Demographics (Finnish);6;IJHKGLFMENDACB;Decision Chunk;Science Chunk;Reasoning Chunk;Openminded Chunk;No;Mies;;2;59;;42;Suomi;;209;Sujuva / äidinkieli;;3;Ylempi korkeakoulututkinto (esim. Maisteri / diplomi-insinööri / ylempi amk / lääkärit);;2;45860
1;1635349732426;27/10/2021 15:48:52;1635349732323;3;27/10/2021 18:48:52;55551;22;questionnaire-c7cw;;16731903;BLIND;4948053;;complete;;;computer;Desktop or Laptop;Mac OS 10.15.7;Safari 15.0;1680x1050;1421x814;Openminded Chunk;Demographics (Finnish);6;JKILHMGNFAEBDC;Decision Chunk;Science Chunk;Reasoning Chunk;Openminded Chunk;No;Nainen;;1;21;;4;Suomi;;209;Sujuva / äidinkieli;;3;Ylioppislastutkinto;;5;37068
1;1635350852700;27/10/2021 16:07:32;1635350852892;3;27/10/2021 19:07:32;55551;22;questionnaire-c7cw;;16732420;BLIND;4948269;;complete;;;computer;Desktop or Laptop;Windows 10;Chrome 95.0.4638.54;1280x720;1280x609;Openminded Chunk;Demographics (Finnish);6;KLJMINHAGBFCED;Decision Chunk;Science Chunk;Reasoning Chunk;Openminded Chunk;No;En halua kertoa;;5;57;;40;Suomi;;209;Sujuva / äidinkieli;;3;Ylempi korkeakoulututkinto (esim. Maisteri / diplomi-insinööri / ylempi amk / lääkärit);;2;32721
1;1635499196154;29/10/2021 09:19:56;1635499196406;3;29/10/2021 12:19:56;55551;22;questionnaire-c7cw;;16767568;BLIND;4959255;;complete;;;computer;Desktop or Laptop;Windows 10;Chrome 94.0.4606.81;1280x720;1280x577;Openminded Chunk;Demographics (Finnish);6;LMKNJAIBHCGDFE;Decision Chunk;Science Chunk;Reasoning Chunk;Openminded Chunk;No;Nainen;;1;55;;38;Suomi;;209;Sujuva / äidinkieli;;3;Ylempi korkeakoulututkinto (esim. Maisteri / diplomi-insinööri / ylempi amk / lääkärit);;2;58608
1;1635502010655;29/10/2021 10:06:50;1635502013634;3;29/10/2021 13:06:53;55551;22;questionnaire-c7cw;;16768282;BLIND;4959547;;complete;;;computer;Desktop or Laptop;Windows 10;Chrome 95.0.4638.54;1536x864;1536x722;Openminded Chunk;Demographics (Finnish);6;MNLAKBJCIDHEGF;Decision Chunk;Science Chunk;Reasoning Chunk;Openminded Chunk;No;Nainen;;1;27;;10;Suomi;;209;Sujuva / äidinkieli;;3;Alempi korkeakoulututkinto (esim. Kandidaatti / alempi amk);;3;28076
1;1635509784634;29/10/2021 12:16:24;1635509784720;3;29/10/2021 15:16:24;55551;22;questionnaire-c7cw;;16770606;BLIND;4960307;;live;;;computer;Desktop or Laptop;Windows 10;Chrome 95.0.4638.69;1280x720;1280x577;Reasoning Chunk;Demographics (Finnish);6;NAMBLCKDJEIFHG;Decision Chunk;Science Chunk;Reasoning Chunk;;No;Nainen;;1;27;;10;Suomi;;209;Sujuva / äidinkieli;;3;Ylioppislastutkinto;;5;23261
1;1635784933015;01/11/2021 16:42:13;1635784932857;2;01/11/2021 18:42:12;55551;22;questionnaire-c7cw;;16812561;BLIND;4973999;;complete;;;computer;Desktop or Laptop;Mac OS 10.15;Firefox 93.0;1440x900;1440x717;Openminded Chunk;Demographics (Finnish);6;ABNCMDLEKFJGIH;Decision Chunk;Science Chunk;Reasoning Chunk;Openminded Chunk;No;Nainen;;1;26;;9;Suomi;;209;Sujuva / äidinkieli;;3;Ylioppislastutkinto;;5;25992
1;1635856745603;02/11/2021 12:39:05;1635856744690;1;02/11/2021 13:39:04;55551;22;questionnaire-c7cw;;16828013;BLIND;4978306;;complete;;;computer;Desktop or Laptop;Windows 10;Chrome 95.0.4638.69;1536x864;1442x712;Openminded Chunk;Demographics (Finnish);6;BCADNEMFLGKHJI;Decision Chunk;Science Chunk;Reasoning Chunk;Openminded Chunk;No;Mies;;2;25;;8;Alankomaat;;3;Sujuva / äidinkieli;;3;Alempi korkeakoulututkinto (esim. Kandidaatti / alempi amk);;3;20553
1;1635934614119;03/11/2021 10:16:54;1635934613987;2;03/11/2021 12:16:53;55551;22;questionnaire-c7cw;;16848626;BLIND;4986367;;complete;;;computer;Desktop or Laptop;Windows 10;Firefox 93.0;1920x1080;1829x967;Openminded Chunk;Demographics (Finnish);6;CDBEAFNGMHLIKJ;Decision Chunk;Science Chunk;Reasoning Chunk;Openminded Chunk;No;Mies;;2;34;;17;Suomi;;209;Sujuva / äidinkieli;;3;Ylempi korkeakoulututkinto (esim. Maisteri / diplomi-insinööri / ylempi amk / lääkärit);;2;24201
1;1636020972665;04/11/2021 10:16:12;1636020972787;2;04/11/2021 12:16:12;55551;22;questionnaire-c7cw;;16876903;BLIND;4995455;;live;;;computer;Desktop or Laptop;Windows 10;Chrome 95.0.4638.54;1280x720;1280x577;Science Chunk;Demographics (Finnish);6;DECFBGAHNIMJLK;Decision Chunk;Science Chunk;;;No;Mies;;2;69;;52;Suomi;;209;Sujuva / äidinkieli;;3;Tohtorintutkinto / lisensiaattitutkinto;;1;41545
1;1637328185537;19/11/2021 13:23:05;1637328185460;2;19/11/2021 15:23:05;55551;22;questionnaire-c7cw;;17312770;BLIND;5110749;;complete;;;computer;Desktop or Laptop;Mac OS 10.14.6;Chrome 96.0.4664.45;1440x900;1152x613;Openminded Chunk;Demographics (Finnish);6;EFDGCHBIAJNKML;Decision Chunk;Science Chunk;Reasoning Chunk;Openminded Chunk;No;Nainen;;1;57;;40;Suomi;;209;Sujuva / äidinkieli;;3;Alempi korkeakoulututkinto (esim. Kandidaatti / alempi amk);;3;48804
1;1637427521922;20/11/2021 16:58:41;1637427521820;2;20/11/2021 18:58:41;55551;22;questionnaire-c7cw;;17340371;BLIND;5117494;;live;;;computer;Desktop or Laptop;Mac OS 10.15.7;Chrome 96.0.4664.55;2048x1152;1540x838;Reasoning Chunk;Demographics (Finnish);6;FGEHDICJBKALNM;Decision Chunk;Science Chunk;Reasoning Chunk;;No;Nainen;;1;61;;44;Suomi;;209;Sujuva / äidinkieli;;3;Alempi korkeakoulututkinto (esim. Kandidaatti / alempi amk);;3;52245
1;1637498546567;21/11/2021 12:42:26;1637498545037;2;21/11/2021 14:42:25;55551;22;questionnaire-c7cw;;17350557;BLIND;5120203;;complete;;;computer;Desktop or Laptop;Windows 10;Firefox 94.0;1280x720;1280x605;Openminded Chunk;Demographics (Finnish);6;GHFIEJDKCLBMAN;Decision Chunk;Science Chunk;Reasoning Chunk;Openminded Chunk;No;Nainen;;1;66;;49;Suomi;;209;Sujuva / äidinkieli;;3;Ylempi korkeakoulututkinto (esim. Maisteri / diplomi-insinööri / ylempi amk / lääkärit);;2;45274
1;1637593248385;22/11/2021 15:00:48;1637593248771;2;22/11/2021 17:00:48;55551;22;questionnaire-c7cw;;17376474;BLIND;5126869;;complete;;;computer;Desktop or Laptop;Windows 10;Chrome 96.0.4664.45;1536x864;1536x722;Openminded Chunk;Demographics (Finnish);6;HIGJFKELDMCNBA;Decision Chunk;Science Chunk;Reasoning Chunk;Openminded Chunk;No;Nainen;;1;35;;18;Suomi;;209;Sujuva / äidinkieli;;3;Ylempi korkeakoulututkinto (esim. Maisteri / diplomi-insinööri / ylempi amk / lääkärit);;2;20722
1;1637616139888;22/11/2021 21:22:19;1637616139551;2;22/11/2021 23:22:19;55551;22;questionnaire-c7cw;;17389419;BLIND;5130877;;complete;;;computer;Desktop or Laptop;Windows 10;Chrome 96.0.4664.45;1920x1080;1920x937;Openminded Chunk;Demographics (Finnish);6;IJHKGLFMENDACB;Decision Chunk;Science Chunk;Reasoning Chunk;Openminded Chunk;No;Mies;;2;20;;3;Suomi;;209;Sujuva / äidinkieli;;3;Ylioppislastutkinto;;5;28005
1;1637648756610;23/11/2021 06:25:56;1637648756868;2;23/11/2021 08:25:56;55551;22;questionnaire-c7cw;;17395047;BLIND;5132910;;complete;;;computer;Desktop or Laptop;Windows 10;Chrome 95.0.4638.69;1280x720;1280x520;Openminded Chunk;Demographics (Finnish);6;JKILHMGNFAEBDC;Decision Chunk;Science Chunk;Reasoning Chunk;Openminded Chunk;No;Nainen;;1;43;;26;Suomi;;209;Sujuva / äidinkieli;;3;Ylempi korkeakoulututkinto (esim. Maisteri / diplomi-insinööri / ylempi amk / lääkärit);;2;66996
1;1637656229173;23/11/2021 08:30:29;1637656229100;2;23/11/2021 10:30:29;55551;22;questionnaire-c7cw;;17395770;BLIND;5133207;;complete;;;computer;Desktop or Laptop;Mac OS 10.13.6;Chrome 94.0.4606.81;1920x1080;1842x680;Openminded Chunk;Demographics (Finnish);6;KLJMINHAGBFCED;Decision Chunk;Science Chunk;Reasoning Chunk;Openminded Chunk;No;Nainen;;1;36;;19;Suomi;;209;Sujuva / äidinkieli;;3;Ylempi korkeakoulututkinto (esim. Maisteri / diplomi-insinööri / ylempi amk / lääkärit);;2;27770
1;1637660304910;23/11/2021 09:38:24;1637660304773;2;23/11/2021 11:38:24;55551;22;questionnaire-c7cw;;17397679;BLIND;5133586;;complete;;;computer;Desktop or Laptop;Mac OS 10.15.7;Safari 15.0;1280x800;1280x712;Openminded Chunk;Demographics (Finnish);6;LMKNJAIBHCGDFE;Decision Chunk;Science Chunk;Reasoning Chunk;Openminded Chunk;No;Nainen;;1;24;;7;Suomi;;209;Sujuva / äidinkieli;;3;Alempi korkeakoulututkinto (esim. Kandidaatti / alempi amk);;3;23967
1;1637849437741;25/11/2021 14:10:37;1637849439727;2;25/11/2021 16:10:39;55551;22;questionnaire-c7cw;;17473132;BLIND;5156990;;complete;;;computer;Desktop or Laptop;Windows 10;Firefox 94.0;1280x720;1280x577;Openminded Chunk;Demographics (Finnish);6;MNLAKBJCIDHEGF;Decision Chunk;Science Chunk;Reasoning Chunk;Openminded Chunk;No;Nainen;;1;25;;8;Suomi;;209;Muu, mikä?;sujuva, mutta ei äidinkielen tasoinen;;Alempi korkeakoulututkinto (esim. Kandidaatti / alempi amk);;3;132023
1;1638043846790;27/11/2021 20:10:46;1638043847577;2;27/11/2021 22:10:47;55551;22;questionnaire-c7cw;;17526086;BLIND;5175309;;complete;;;computer;Desktop or Laptop;Windows 10;Chrome 96.0.4664.45;1280x720;1280x577;Openminded Chunk;Demographics (Finnish);6;NAMBLCKDJEIFHG;Decision Chunk;Science Chunk;Reasoning Chunk;Openminded Chunk;No;Nainen;;1;26;;9;Suomi;;209;Sujuva / äidinkieli;;3;Alempi korkeakoulututkinto (esim. Kandidaatti / alempi amk);;3;16373
1;1638224025439;29/11/2021 22:13:45;1638224025344;2;30/11/2021 00:13:45;55551;22;questionnaire-c7cw;;17572193;BLIND;5189349;;live;;;computer;Desktop or Laptop;Ubuntu undefined;Firefox 94.0;1344x756;1100x608;Openminded Chunk;Demographics (Finnish);6;ABNCMDLEKFJGIH;Decision Chunk;Science Chunk;Reasoning Chunk;Openminded Chunk;No;Mies;;2;64;;47;Suomi;;209;Sujuva / äidinkieli;;3;Ylempi korkeakoulututkinto (esim. Maisteri / diplomi-insinööri / ylempi amk / lääkärit);;2;47023
1;1638265456560;30/11/2021 09:44:16;1638265546821;2;30/11/2021 11:45:46;55551;22;questionnaire-c7cw;;17580216;BLIND;5191578;;complete;;;computer;Desktop or Laptop;Windows 10;Chrome 96.0.4664.45;1920x1080;1920x937;Openminded Chunk;Demographics (Finnish);6;BCADNEMFLGKHJI;Decision Chunk;Science Chunk;Reasoning Chunk;Openminded Chunk;No;Mies;;2;62;;45;Suomi;;209;Sujuva / äidinkieli;;3;Ylempi korkeakoulututkinto (esim. Maisteri / diplomi-insinööri / ylempi amk / lääkärit);;2;24812
1;1638270085413;30/11/2021 11:01:25;1638270103831;2;30/11/2021 13:01:43;55551;22;questionnaire-c7cw;;17582354;BLIND;5192188;;complete;;;computer;Desktop or Laptop;Windows 10;Firefox 94.0;1600x900;1384x775;Openminded Chunk;Demographics (Finnish);6;CDBEAFNGMHLIKJ;Decision Chunk;Science Chunk;Reasoning Chunk;Openminded Chunk;No;Nainen;;1;51;;34;Suomi;;209;Sujuva / äidinkieli;;3;Ylempi korkeakoulututkinto (esim. Maisteri / diplomi-insinööri / ylempi amk / lääkärit);;2;91508
1;1638348260630;01/12/2021 08:44:20;1638348260487;2;01/12/2021 10:44:20;55551;22;questionnaire-c7cw;;17611142;BLIND;5201242;;complete;;;computer;Desktop or Laptop;Windows 10;Firefox 94.0;1920x1080;1920x909;Openminded Chunk;Demographics (Finnish);6;DECFBGAHNIMJLK;Decision Chunk;Science Chunk;Reasoning Chunk;Openminded Chunk;No;Nainen;;1;57;;40;Suomi;;209;Sujuva / äidinkieli;;3;Ylempi korkeakoulututkinto (esim. Maisteri / diplomi-insinööri / ylempi amk / lääkärit);;2;39904
1;1638355982597;01/12/2021 10:53:02;1638355981391;2;01/12/2021 12:53:01;55551;22;questionnaire-c7cw;;17614297;BLIND;5202064;;complete;;;computer;Desktop or Laptop;Windows 7;Chrome 96.0.4664.45;1280x1024;1280x881;Openminded Chunk;Demographics (Finnish);6;EFDGCHBIAJNKML;Decision Chunk;Science Chunk;Reasoning Chunk;Openminded Chunk;No;Nainen;;1;69;;52;Suomi;;209;Sujuva / äidinkieli;;3;Tohtorintutkinto / lisensiaattitutkinto;;1;21513
1;1638960585043;08/12/2021 10:49:45;1638960584957;2;08/12/2021 12:49:44;55551;22;questionnaire-c7cw;;17838601;BLIND;5258209;;complete;;;computer;Desktop or Laptop;Windows 10;Firefox 94.0;1920x1080;1920x955;Openminded Chunk;Demographics (Finnish);6;FGEHDICJBKALNM;Decision Chunk;Science Chunk;Reasoning Chunk;Openminded Chunk;No;Nainen;;1;42;;25;Suomi;;209;Sujuva / äidinkieli;;3;Ylempi korkeakoulututkinto (esim. Maisteri / diplomi-insinööri / ylempi amk / lääkärit);;2;30428
1;1639132469467;10/12/2021 10:34:29;1639132469402;2;10/12/2021 12:34:29;55551;22;questionnaire-c7cw;;17908458;BLIND;5282634;;live;;;computer;Desktop or Laptop;Windows 10;Chrome 96.0.4664.93;1536x864;1536x754;Reasoning Chunk;Demographics (Finnish);6;GHFIEJDKCLBMAN;Decision Chunk;Science Chunk;Reasoning Chunk;;No;Nainen;;1;67;;50;Suomi;;209;Sujuva / äidinkieli;;3;Alempi korkeakoulututkinto (esim. Kandidaatti / alempi amk);;3;52516
1;1639158403269;10/12/2021 17:46:43;1639158403163;2;10/12/2021 19:46:43;55551;22;questionnaire-c7cw;;17925138;BLIND;5287907;;complete;;;computer;Desktop or Laptop;Mac OS 10.13.6;Safari 13.1.2;1920x1080;1324x994;Openminded Chunk;Demographics (Finnish);6;HIGJFKELDMCNBA;Decision Chunk;Science Chunk;Reasoning Chunk;Openminded Chunk;No;Nainen;;1;66;;49;Suomi;;209;Sujuva / äidinkieli;;3;Ylempi korkeakoulututkinto (esim. Maisteri / diplomi-insinööri / ylempi amk / lääkärit);;2;57082
1;1639208178206;11/12/2021 07:36:18;1639208174807;2;11/12/2021 09:36:14;55551;22;questionnaire-c7cw;;17936489;BLIND;5290491;;complete;;;computer;Desktop or Laptop;Windows 10;Chrome 96.0.4664.93;1536x864;1536x714;Openminded Chunk;Demographics (Finnish);6;IJHKGLFMENDACB;Decision Chunk;Science Chunk;Reasoning Chunk;Openminded Chunk;No;Mies;;2;72;;55;Suomi;;209;Sujuva / äidinkieli;;3;Ylempi korkeakoulututkinto (esim. Maisteri / diplomi-insinööri / ylempi amk / lääkärit);;2;28535
1;1639236289886;11/12/2021 15:24:49;1639236289544;2;11/12/2021 17:24:49;55551;22;questionnaire-c7cw;;17941157;BLIND;5292007;;complete;;;computer;Desktop or Laptop;Windows 10;Chrome 96.0.4664.45;1920x1080;960x485;Openminded Chunk;Demographics (Finnish);6;JKILHMGNFAEBDC;Decision Chunk;Science Chunk;Reasoning Chunk;Openminded Chunk;No;Nainen;;1;64;;47;Suomi;;209;Sujuva / äidinkieli;;3;Ylempi korkeakoulututkinto (esim. Maisteri / diplomi-insinööri / ylempi amk / lääkärit);;2;41570
1;1639314224860;12/12/2021 13:03:44;1639314224736;2;12/12/2021 15:03:44;55551;22;questionnaire-c7cw;;17950813;BLIND;5294346;;live;;;computer;Desktop or Laptop;Linux x86_64;Firefox 94.0;1920x1080;1920x966;Science Chunk;Demographics (Finnish);6;KLJMINHAGBFCED;Decision Chunk;Science Chunk;;;No;Mies;;2;53;;36;Suomi;;209;Sujuva / äidinkieli;;3;Ylioppislastutkinto;;5;69065
1;1639393195972;13/12/2021 10:59:55;1639393195918;1;13/12/2021 11:59:55;55551;22;questionnaire-c7cw;;17963310;BLIND;5298015;;complete;;;computer;Desktop or Laptop;Linux x86_64;Chrome 96.0.4664.93;1920x1080;1920x924;Openminded Chunk;Demographics (Finnish);6;LMKNJAIBHCGDFE;Decision Chunk;Science Chunk;Reasoning Chunk;Openminded Chunk;No;Mies;;2;35;;18;Alankomaat;;3;Sujuva / äidinkieli;;3;Ylioppislastutkinto;;5;19046
1;1639463563900;14/12/2021 06:32:43;1639463563683;2;14/12/2021 08:32:43;55551;22;questionnaire-c7cw;;17983683;BLIND;5305503;;complete;;;computer;Desktop or Laptop;Windows 10;Firefox 95.0;1280x720;1280x593;Openminded Chunk;Demographics (Finnish);6;MNLAKBJCIDHEGF;Decision Chunk;Science Chunk;Reasoning Chunk;Openminded Chunk;No;Muu;;4;54;;37;Suomi;;209;Sujuva / äidinkieli;;3;Ylempi korkeakoulututkinto (esim. Maisteri / diplomi-insinööri / ylempi amk / lääkärit);;2;51654
1;1639578107245;15/12/2021 14:21:47;1639578107358;2;15/12/2021 16:21:47;55551;22;questionnaire-c7cw;;18016981;BLIND;5317567;;live;;;computer;Desktop or Laptop;Windows 10;Chrome 96.0.4664.93;1920x1080;1920x937;Reasoning Chunk;Demographics (Finnish);6;NAMBLCKDJEIFHG;Decision Chunk;Science Chunk;Reasoning Chunk;;No;Nainen;;1;66;;49;Suomi;;209;Sujuva / äidinkieli;;3;Ylempi korkeakoulututkinto (esim. Maisteri / diplomi-insinööri / ylempi amk / lääkärit);;2;55784
1;1639590141153;15/12/2021 17:42:21;1639590141211;2;15/12/2021 19:42:21;55551;22;questionnaire-c7cw;;18027258;BLIND;5320807;;complete;;;computer;Desktop or Laptop;Windows 10;Firefox 95.0;1920x1080;1920x899;Openminded Chunk;Demographics (Finnish);6;ABNCMDLEKFJGIH;Decision Chunk;Science Chunk;Reasoning Chunk;Openminded Chunk;No;Nainen;;1;65;;48;Suomi;;209;Sujuva / äidinkieli;;3;Ylempi korkeakoulututkinto (esim. Maisteri / diplomi-insinööri / ylempi amk / lääkärit);;2;58012
1;1639740116511;17/12/2021 11:21:56;1639740116385;2;17/12/2021 13:21:56;55551;22;questionnaire-c7cw;;18089650;BLIND;5336084;;complete;;;computer;Desktop or Laptop;Mac OS 10.15.7;Safari 15.1;1440x900;1140x731;Openminded Chunk;Demographics (Finnish);6;BCADNEMFLGKHJI;Decision Chunk;Science Chunk;Reasoning Chunk;Openminded Chunk;No;Mies;;2;65;;48;Suomi;;209;Sujuva / äidinkieli;;3;Ylempi korkeakoulututkinto (esim. Maisteri / diplomi-insinööri / ylempi amk / lääkärit);;2;42258
1;1640013358103;20/12/2021 15:15:58;1640013359049;2;20/12/2021 17:15:59;55551;22;questionnaire-c7cw;;18148526;BLIND;5354577;;complete;;;computer;Desktop or Laptop;Windows 10;Chrome 96.0.4664.110;1536x864;1536x722;Openminded Chunk;Demographics (Finnish);6;CDBEAFNGMHLIKJ;Decision Chunk;Science Chunk;Reasoning Chunk;Openminded Chunk;No;Nainen;;1;73;;56;Suomi;;209;Sujuva / äidinkieli;;3;Tohtorintutkinto / lisensiaattitutkinto;;1;81585
1;1640015449497;20/12/2021 15:50:49;1640015449403;2;20/12/2021 17:50:49;55551;22;questionnaire-c7cw;;18149719;BLIND;5355205;;complete;;;computer;Desktop or Laptop;Mac OS 10.15.7;Chrome 96.0.4664.110;1280x800;1280x697;Openminded Chunk;Demographics (Finnish);6;DECFBGAHNIMJLK;Decision Chunk;Science Chunk;Reasoning Chunk;Openminded Chunk;No;Nainen;;1;42;;25;Suomi;;209;Sujuva / äidinkieli;;3;Ylempi korkeakoulututkinto (esim. Maisteri / diplomi-insinööri / ylempi amk / lääkärit);;2;29109
1;1640065728568;21/12/2021 05:48:48;1640065729273;2;21/12/2021 07:48:49;55551;22;questionnaire-c7cw;;18160142;BLIND;5358132;;live;;;computer;Desktop or Laptop;Windows 10;Chrome 96.0.4664.110;1600x900;1600x757;Reasoning Chunk;Demographics (Finnish);6;EFDGCHBIAJNKML;Decision Chunk;Science Chunk;Reasoning Chunk;;No;Nainen;;1;57;;40;Suomi;;209;Sujuva / äidinkieli;;3;Ylioppislastutkinto;;5;34464
1;1640193795947;22/12/2021 17:23:15;1640193796086;2;22/12/2021 19:23:16;55551;22;questionnaire-c7cw;;18186796;BLIND;5372338;;live;;;computer;Desktop or Laptop;Windows 10;Firefox 95.0;640x360;640x295;Reasoning Chunk;Demographics (Finnish);6;FGEHDICJBKALNM;Decision Chunk;Science Chunk;Reasoning Chunk;;No;Mies;;2;60;;43;Suomi;;209;Sujuva / äidinkieli;;3;Ammattikoulututkinto;;4;62439
1;1640295632505;23/12/2021 21:40:32;1640295632356;2;23/12/2021 23:40:32;55551;22;questionnaire-c7cw;;18199646;BLIND;5375463;;complete;;;computer;Desktop or Laptop;Mac OS 10.15.7;Safari 15.1;1920x1080;1920x1000;Openminded Chunk;Demographics (Finnish);6;GHFIEJDKCLBMAN;Decision Chunk;Science Chunk;Reasoning Chunk;Openminded Chunk;No;Nainen;;1;66;;49;Suomi;;209;Sujuva / äidinkieli;;3;Tohtorintutkinto / lisensiaattitutkinto;;1;19349
1;1640607516493;27/12/2021 12:18:36;1640607516519;2;27/12/2021 14:18:36;55551;22;questionnaire-c7cw;;18216594;BLIND;5380955;;complete;;;computer;Desktop or Laptop;Windows 10;Chrome 96.0.4664.110;1366x768;1366x625;Openminded Chunk;Demographics (Finnish);6;HIGJFKELDMCNBA;Decision Chunk;Science Chunk;Reasoning Chunk;Openminded Chunk;No;Nainen;;1;60;;43;Suomi;;209;Sujuva / äidinkieli;;3;Ylempi korkeakoulututkinto (esim. Maisteri / diplomi-insinööri / ylempi amk / lääkärit);;2;41823
1;1640607695958;27/12/2021 12:21:35;1640607692279;2;27/12/2021 14:21:32;55551;22;questionnaire-c7cw;;18216643;BLIND;5380940;;live;;;computer;Desktop or Laptop;Windows 10;Edge 96.0.1054.62;1536x864;1536x754;Decision Chunk;Demographics (Finnish);6;IJHKGLFMENDACB;Decision Chunk;;;;No;Nainen;;1;67;;50;Suomi;;209;Sujuva / äidinkieli;;3;Ylempi korkeakoulututkinto (esim. Maisteri / diplomi-insinööri / ylempi amk / lääkärit);;2;126600
1;1640612249503;27/12/2021 13:37:29;1640612249329;2;27/12/2021 15:37:29;55551;22;questionnaire-c7cw;;18217764;BLIND;5381386;;live;;;computer;Desktop or Laptop;Mac OS 10.15;Firefox 95.0;1440x900;1440x688;Decision Chunk;Demographics (Finnish);6;KLJMINHAGBFCED;Decision Chunk;;;;No;Muunsukupuolinen;;3;24;;7;Yhdistynyt kuningaskunta;;246;Sujuva / äidinkieli;;3;Ylioppislastutkinto;;5;15531
1;1640612322484;27/12/2021 13:38:42;1640612322550;2;27/12/2021 15:38:42;55551;22;questionnaire-c7cw;;18217780;BLIND;5381371;;live;;;computer;Desktop or Laptop;Windows 10;Chrome 96.0.4664.110;1366x768;1366x625;Decision Chunk;Demographics (Finnish);6;JKILHMGNFAEBDC;Decision Chunk;;;;No;En halua kertoa;;5;60;;43;Suomi;;209;Sujuva / äidinkieli;;3;Ylempi korkeakoulututkinto (esim. Maisteri / diplomi-insinööri / ylempi amk / lääkärit);;2;41268
1;1640703529571;28/12/2021 14:58:49;1640703527158;2;28/12/2021 16:58:47;55551;22;questionnaire-c7cw;;18227877;BLIND;5384429;;complete;;;computer;Desktop or Laptop;Mac OS 10.15.7;Chrome 96.0.4664.110;1440x900;1440x764;Openminded Chunk;Demographics (Finnish);6;LMKNJAIBHCGDFE;Decision Chunk;Science Chunk;Reasoning Chunk;Openminded Chunk;No;Nainen;;1;63;;46;Suomi;;209;Sujuva / äidinkieli;;3;Tohtorintutkinto / lisensiaattitutkinto;;1;30551
1;1640719110599;28/12/2021 19:18:30;1640719105524;2;28/12/2021 21:18:25;55551;22;questionnaire-c7cw;;18231097;BLIND;5385143;;live;;;computer;Desktop or Laptop;Windows 10;Edge 96.0.1054.62;1920x1080;1920x929;Decision Chunk;Demographics (Finnish);6;MNLAKBJCIDHEGF;Decision Chunk;;;;No;Mies;;2;71;;54;Suomi;;209;Sujuva / äidinkieli;;3;Muu tutkinto, mikä?;---------;;116754
1;1640783975263;29/12/2021 13:19:35;1640783974508;2;29/12/2021 15:19:34;55551;22;questionnaire-c7cw;;18235888;BLIND;5387595;;complete;;;computer;Desktop or Laptop;Windows 10;Edge 96.0.1054.62;1536x864;2043x1002;Openminded Chunk;Demographics (Finnish);6;NAMBLCKDJEIFHG;Decision Chunk;Science Chunk;Reasoning Chunk;Openminded Chunk;No;Mies;;2;65;;48;Suomi;;209;Sujuva / äidinkieli;;3;Tohtorintutkinto / lisensiaattitutkinto;;1;322105
1;1640799528961;29/12/2021 17:38:48;1640799529344;2;29/12/2021 19:38:49;55551;22;questionnaire-c7cw;;18239311;BLIND;5388970;;complete;;;computer;Desktop or Laptop;Windows 10;Chrome 96.0.4664.110;1440x900;1152x586;Openminded Chunk;Demographics (Finnish);6;ABNCMDLEKFJGIH;Decision Chunk;Science Chunk;Reasoning Chunk;Openminded Chunk;No;Nainen;;1;73;;56;Suomi;;209;Sujuva / äidinkieli;;3;Ylioppislastutkinto;;5;39631
1;1641024408624;01/01/2022 08:06:48;1641024409622;2;01/01/2022 10:06:49;55551;22;questionnaire-c7cw;;18255178;BLIND;5399212;;complete;;;computer;Desktop or Laptop;Windows 10;Chrome 96.0.4664.110;1280x720;1280x577;Openminded Chunk;Demographics (Finnish);6;BCADNEMFLGKHJI;Decision Chunk;Science Chunk;Reasoning Chunk;Openminded Chunk;No;Nainen;;1;37;;20;Suomi;;209;Sujuva / äidinkieli;;3;Ylempi korkeakoulututkinto (esim. Maisteri / diplomi-insinööri / ylempi amk / lääkärit);;2;16506
1;1641163531828;02/01/2022 22:45:31;1641163531407;2;03/01/2022 00:45:31;55551;22;questionnaire-c7cw;;18264636;BLIND;5411218;;complete;;;computer;Desktop or Laptop;Windows 10;Chrome 96.0.4664.110;5760x1080;4147x638;Openminded Chunk;Demographics (Finnish);6;CDBEAFNGMHLIKJ;Decision Chunk;Science Chunk;Reasoning Chunk;Openminded Chunk;No;Mies;;2;51;;34;Suomi;;209;Sujuva / äidinkieli;;3;Ylempi korkeakoulututkinto (esim. Maisteri / diplomi-insinööri / ylempi amk / lääkärit);;2;44571
1;1641562008658;07/01/2022 13:26:48;1641562006977;2;07/01/2022 15:26:46;55551;22;questionnaire-c7cw;;18354172;BLIND;5435499;;complete;;;computer;Desktop or Laptop;Windows 10;Chrome 96.0.4664.110;1920x1200;1504x952;Openminded Chunk;Demographics (Finnish);6;DECFBGAHNIMJLK;Decision Chunk;Science Chunk;Reasoning Chunk;Openminded Chunk;No;Nainen;;1;69;;52;Suomi;;209;Sujuva / äidinkieli;;3;Ylioppislastutkinto;;5;30759
1;1641567193925;07/01/2022 14:53:13;1641567195523;2;07/01/2022 16:53:15;55551;22;questionnaire-c7cw;;18356725;BLIND;5436244;;live;;;computer;Desktop or Laptop;Windows 10;Firefox 93.0;1920x1080;958x954;Decision Chunk;Demographics (Finnish);6;EFDGCHBIAJNKML;Decision Chunk;;;;No;En halua kertoa;;5;24;;7;Alankomaat;;3;Sujuva / äidinkieli;;3;Ylempi korkeakoulututkinto (esim. Maisteri / diplomi-insinööri / ylempi amk / lääkärit);;2;18493
1;1641664242724;08/01/2022 17:50:42;1641664242544;2;08/01/2022 19:50:42;55551;22;questionnaire-c7cw;;18375504;BLIND;5440344;;complete;;;computer;Desktop or Laptop;Mac OS 10.15.7;Chrome 96.0.4664.110;1440x900;1440x821;Openminded Chunk;Demographics (Finnish);6;FGEHDICJBKALNM;Decision Chunk;Science Chunk;Reasoning Chunk;Openminded Chunk;No;Nainen;;1;43;;26;Suomi;;209;Sujuva / äidinkieli;;3;Ylempi korkeakoulututkinto (esim. Maisteri / diplomi-insinööri / ylempi amk / lääkärit);;2;30230
1;1641761388488;09/01/2022 20:49:48;1641761388381;2;09/01/2022 22:49:48;55551;22;questionnaire-c7cw;;18390701;BLIND;5443499;;complete;;;computer;Desktop or Laptop;Mac OS 10.14.5;Chrome 96.0.4664.110;1280x800;1280x603;Openminded Chunk;Demographics (Finnish);6;GHFIEJDKCLBMAN;Decision Chunk;Science Chunk;Reasoning Chunk;Openminded Chunk;No;Nainen;;1;63;;46;Suomi;;209;Sujuva / äidinkieli;;3;Alempi korkeakoulututkinto (esim. Kandidaatti / alempi amk);;3;45893
1;1641763393305;09/01/2022 21:23:13;1641763393216;2;09/01/2022 23:23:13;55551;22;questionnaire-c7cw;;18390926;BLIND;5443570;;complete;;;computer;Desktop or Laptop;Windows 10;Chrome 97.0.4692.71;1920x1080;1920x937;Openminded Chunk;Demographics (Finnish);6;HIGJFKELDMCNBA;Decision Chunk;Science Chunk;Reasoning Chunk;Openminded Chunk;No;En halua kertoa;;5;35;;18;Suomi;;209;Sujuva / äidinkieli;;3;Alempi korkeakoulututkinto (esim. Kandidaatti / alempi amk);;3;39084
1;1641820736662;10/01/2022 13:18:56;1641820736514;2;10/01/2022 15:18:56;55551;22;questionnaire-c7cw;;18400702;BLIND;5446208;;complete;;;computer;Desktop or Laptop;Windows 10;Chrome 97.0.4692.71;1536x864;1142x723;Openminded Chunk;Demographics (Finnish);6;IJHKGLFMENDACB;Decision Chunk;Science Chunk;Reasoning Chunk;Openminded Chunk;No;Nainen;;1;57;;40;Suomi;;209;Sujuva / äidinkieli;;3;Tohtorintutkinto / lisensiaattitutkinto;;1;43524
1;1641826366577;10/01/2022 14:52:46;1641826366434;2;10/01/2022 16:52:46;55551;22;questionnaire-c7cw;;18403015;BLIND;5446920;;complete;;;computer;Desktop or Laptop;Windows 10;Chrome 97.0.4692.71;1920x1080;958x927;Openminded Chunk;Demographics (Finnish);6;JKILHMGNFAEBDC;Decision Chunk;Science Chunk;Reasoning Chunk;Openminded Chunk;No;Nainen;;1;56;;39;Suomi;;209;Sujuva / äidinkieli;;3;Alempi korkeakoulututkinto (esim. Kandidaatti / alempi amk);;3;28221
1;1641838954423;10/01/2022 18:22:34;1641838954270;2;10/01/2022 20:22:34;55551;22;questionnaire-c7cw;;18410768;BLIND;5449061;;complete;;;computer;Desktop or Laptop;Windows 10;Firefox 95.0;2560x1440;2560x1326;Openminded Chunk;Demographics (Finnish);6;KLJMINHAGBFCED;Decision Chunk;Science Chunk;Reasoning Chunk;Openminded Chunk;No;Mies;;2;25;;8;Suomi;;209;Sujuva / äidinkieli;;3;Alempi korkeakoulututkinto (esim. Kandidaatti / alempi amk);;3;14738
1;1641892638371;11/01/2022 09:17:18;1641892638195;2;11/01/2022 11:17:18;55551;22;questionnaire-c7cw;;18419510;BLIND;5451953;;complete;;;computer;Desktop or Laptop;Windows 10;Firefox 95.0;1536x864;1536x739;Openminded Chunk;Demographics (Finnish);6;LMKNJAIBHCGDFE;Decision Chunk;Science Chunk;Reasoning Chunk;Openminded Chunk;No;Nainen;;1;33;;16;Suomi;;209;Sujuva / äidinkieli;;3;Ammattikoulututkinto;;4;38905
END OF FILE
