Event Index;UTC Timestamp;UTC Date;Local Timestamp;Local Timezone;Local Date;Experiment ID;Experiment Version;Tree Node Key;Repeat Key;Schedule ID;Participant Public ID;Participant Private ID;Participant Starting Group;Participant Status;Participant Completion Code;Participant External Session ID;Participant Device Type;Participant Device;Participant OS;Participant Browser;Participant Monitor Size;Participant Viewport Size;Checkpoint;Task Name;Task Version;order-8fbu;checkpoint-jqo9;checkpoint-c9q5;checkpoint-a7bi;checkpoint-jcga;Randomise questionnaire elements?;cognition1;cognition1-quantised;cognition2;cognition2-quantised;cognition3-rev;cognition3-rev-quantised;cognition4-rev;cognition4-rev-quantised;cognition5-rev;cognition5-rev-quantised;cognition6;cognition6-quantised;cognition7-rev;cognition7-rev-quantised;cognition8-rev;cognition8-rev-quantised;cognition9-rev;cognition9-rev-quantised;cognition10;cognition10-quantised;cognition11;cognition11-quantised;cognition12-rev;cognition12-rev-quantised;cognition13;cognition13-quantised;cognition14;cognition14-quantised;cognition15;cognition15-quantised;cognition16-rev;cognition16-rev-quantised;cognition17-rev;cognition17-rev-quantised;cognition18;cognition18-quantised;END QUESTIONNAIRE
1;1634715394034;20/10/2021 07:36:34;1634715393931;3;20/10/2021 10:36:33;55551;22;questionnaire-eygv;;16526271;BLIND;4886650;;live;;;computer;Desktop or Laptop;Windows 10;Edge 94.0.992.50;2560x1440;1696x1265;Science Chunk;Need for Cognition Scale (Finnish);5;EFDGCHBIAJNKML;Decision Chunk;Science Chunk;;;No;3;3;3;3;3;3;3;3;3;3;3;3;3;3;3;3;3;3;3;3;3;3;3;3;3;3;3;3;3;3;3;3;3;3;3;3;60950
1;1635008725094;23/10/2021 17:05:25;1635008734219;2;23/10/2021 19:05:34;55551;22;questionnaire-eygv;;16625040;BLIND;4914191;;complete;;;computer;Desktop or Laptop;Windows 10;Chrome 94.0.4606.81;1536x864;1536x722;Openminded Chunk;Need for Cognition Scale (Finnish);5;BCADNEMFLGKHJI;Decision Chunk;Science Chunk;Reasoning Chunk;Openminded Chunk;No;3;3;3;3;2;2;3;3;2;2;4;4;3;3;3;3;4;4;4;4;4;4;3;3;2;2;2;2;4;4;4;4;1;1;4;4;125426
1;1640804472412;29/12/2021 19:01:12;1640804472827;2;29/12/2021 21:01:12;55551;22;questionnaire-eygv;;18239983;BLIND;5388970;;complete;;;computer;Desktop or Laptop;Windows 10;Chrome 96.0.4664.110;1440x900;1152x631;Openminded Chunk;Need for Cognition Scale (Finnish);5;ABNCMDLEKFJGIH;Decision Chunk;Science Chunk;Reasoning Chunk;Openminded Chunk;No;3;3;2;2;2;2;2;2;2;2;4;4;3;3;4;4;4;4;2;2;3;3;3;3;3;3;3;3;3;3;2;2;4;4;4;4;95545
1;1641027101446;01/01/2022 08:51:41;1641027102428;2;01/01/2022 10:51:42;55551;22;questionnaire-eygv;;18255219;BLIND;5399212;;complete;;;computer;Desktop or Laptop;Windows 10;Chrome 96.0.4664.110;1280x720;1280x577;Openminded Chunk;Need for Cognition Scale (Finnish);5;BCADNEMFLGKHJI;Decision Chunk;Science Chunk;Reasoning Chunk;Openminded Chunk;No;5;5;6;6;1;1;1;1;1;1;6;6;1;1;3;3;1;1;3;3;6;6;2;2;4;4;4;4;6;6;2;2;2;2;6;6;29895
1;1641895338968;11/01/2022 10:02:18;1641895338751;2;11/01/2022 12:02:18;55551;22;questionnaire-eygv;;18420377;BLIND;5451953;;complete;;;computer;Desktop or Laptop;Windows 10;Firefox 95.0;1536x864;1536x739;Openminded Chunk;Need for Cognition Scale (Finnish);5;LMKNJAIBHCGDFE;Decision Chunk;Science Chunk;Reasoning Chunk;Openminded Chunk;No;4;4;4;4;1;1;2;2;1;1;5;5;4;4;3;3;4;4;5;5;6;6;2;2;5;5;5;5;4;4;5;5;1;1;6;6;114338
1;1641842354900;10/01/2022 19:19:14;1641842354669;2;10/01/2022 21:19:14;55551;22;questionnaire-eygv;;18412512;BLIND;5449061;;complete;;;computer;Desktop or Laptop;Windows 10;Firefox 95.0;2560x1440;2560x1326;Openminded Chunk;Need for Cognition Scale (Finnish);5;KLJMINHAGBFCED;Decision Chunk;Science Chunk;Reasoning Chunk;Openminded Chunk;No;5;5;5;5;1;1;2;2;2;2;4;4;3;3;2;2;1;1;4;4;6;6;1;1;6;6;5;5;6;6;4;4;3;3;5;5;133647
1;1641827887175;10/01/2022 15:18:07;1641827886995;2;10/01/2022 17:18:06;55551;22;questionnaire-eygv;;18404586;BLIND;5446920;;complete;;;computer;Desktop or Laptop;Windows 10;Chrome 97.0.4692.71;1920x1080;1920x937;Openminded Chunk;Need for Cognition Scale (Finnish);5;JKILHMGNFAEBDC;Decision Chunk;Science Chunk;Reasoning Chunk;Openminded Chunk;No;5;5;4;4;1;1;3;3;2;2;4;4;3;3;4;4;3;3;5;5;4;4;1;1;4;4;5;5;4;4;4;4;1;1;5;5;74538
1;1641822536120;10/01/2022 13:48:56;1641822536024;2;10/01/2022 15:48:56;55551;22;questionnaire-eygv;;18401623;BLIND;5446208;;complete;;;computer;Desktop or Laptop;Windows 10;Chrome 97.0.4692.71;1536x864;1142x723;Openminded Chunk;Need for Cognition Scale (Finnish);5;IJHKGLFMENDACB;Decision Chunk;Science Chunk;Reasoning Chunk;Openminded Chunk;No;4;4;3;3;2;2;3;3;1;1;5;5;2;2;4;4;4;4;5;5;5;5;2;2;3;3;4;4;5;5;2;2;1;1;3;3;104064
1;1641765187961;09/01/2022 21:53:07;1641765187818;2;09/01/2022 23:53:07;55551;22;questionnaire-eygv;;18391339;BLIND;5443570;;complete;;;computer;Desktop or Laptop;Windows 10;Chrome 97.0.4692.71;1920x1080;1920x937;Openminded Chunk;Need for Cognition Scale (Finnish);5;HIGJFKELDMCNBA;Decision Chunk;Science Chunk;Reasoning Chunk;Openminded Chunk;No;3;3;2;2;1;1;4;4;2;2;4;4;3;3;6;6;3;3;2;2;6;6;1;1;3;3;6;6;1;1;3;3;2;2;6;6;104717
1;1641764227927;09/01/2022 21:37:07;1641764227832;2;09/01/2022 23:37:07;55551;22;questionnaire-eygv;;18391169;BLIND;5443499;;complete;;;computer;Desktop or Laptop;Mac OS 10.14.5;Chrome 96.0.4664.110;1280x800;1280x603;Openminded Chunk;Need for Cognition Scale (Finnish);5;GHFIEJDKCLBMAN;Decision Chunk;Science Chunk;Reasoning Chunk;Openminded Chunk;No;4;4;5;5;1;1;1;1;1;1;6;6;1;1;1;1;4;4;2;2;5;5;1;1;3;3;5;5;4;4;3;3;2;2;5;5;242246
1;1641667460230;08/01/2022 18:44:20;1641667460094;2;08/01/2022 20:44:20;55551;22;questionnaire-eygv;;18375999;BLIND;5440344;;complete;;;computer;Desktop or Laptop;Mac OS 10.15.7;Chrome 96.0.4664.110;1440x900;1440x821;Openminded Chunk;Need for Cognition Scale (Finnish);5;FGEHDICJBKALNM;Decision Chunk;Science Chunk;Reasoning Chunk;Openminded Chunk;No;6;6;6;6;1;1;1;1;1;1;6;6;2;2;3;3;1;1;6;6;6;6;1;1;5;5;6;6;6;6;2;2;1;1;6;6;85150
1;1641564907103;07/01/2022 14:15:07;1641564905370;2;07/01/2022 16:15:05;55551;22;questionnaire-eygv;;18355376;BLIND;5435499;;complete;;;computer;Desktop or Laptop;Windows 10;Chrome 96.0.4664.110;1920x1200;1504x952;Openminded Chunk;Need for Cognition Scale (Finnish);5;DECFBGAHNIMJLK;Decision Chunk;Science Chunk;Reasoning Chunk;Openminded Chunk;No;4;4;4;4;2;2;2;2;3;3;5;5;3;3;3;3;1;1;5;5;5;5;2;2;4;4;5;5;4;4;3;3;2;2;6;6;119568
1;1641169022396;03/01/2022 00:17:02;1641169021899;2;03/01/2022 02:17:01;55551;22;questionnaire-eygv;;18265005;BLIND;5411218;;complete;;;computer;Desktop or Laptop;Windows 10;Chrome 96.0.4664.110;5760x1080;4147x638;Openminded Chunk;Need for Cognition Scale (Finnish);5;CDBEAFNGMHLIKJ;Decision Chunk;Science Chunk;Reasoning Chunk;Openminded Chunk;No;6;6;6;6;1;1;1;1;1;1;6;6;1;1;1;1;1;1;6;6;6;6;1;1;3;3;6;6;6;6;1;1;1;1;6;6;109656
1;1640791263340;29/12/2021 15:21:03;1640791262442;2;29/12/2021 17:21:02;55551;22;questionnaire-eygv;;18237199;BLIND;5387595;;complete;;;computer;Desktop or Laptop;Windows 10;Edge 96.0.1054.62;1536x864;1396x685;Openminded Chunk;Need for Cognition Scale (Finnish);5;NAMBLCKDJEIFHG;Decision Chunk;Science Chunk;Reasoning Chunk;Openminded Chunk;No;5;5;5;5;2;2;2;2;2;2;3;3;2;2;2;2;3;3;3;3;4;4;2;2;4;4;4;4;2;2;3;3;4;4;4;4;354497
1;1640708144120;28/12/2021 16:15:44;1640708143876;2;28/12/2021 18:15:43;55551;22;questionnaire-eygv;;18228776;BLIND;5384429;;complete;;;computer;Desktop or Laptop;Mac OS 10.15.7;Chrome 96.0.4664.110;1440x900;1440x764;Openminded Chunk;Need for Cognition Scale (Finnish);5;LMKNJAIBHCGDFE;Decision Chunk;Science Chunk;Reasoning Chunk;Openminded Chunk;No;5;5;5;5;1;1;1;1;1;1;5;5;3;3;2;2;1;1;5;5;5;5;2;2;3;3;6;6;5;5;5;5;2;2;6;6;59957
1;1640612844596;27/12/2021 13:47:24;1640612844665;2;27/12/2021 15:47:24;55551;22;questionnaire-eygv;;18217867;BLIND;5381371;;live;;;computer;Desktop or Laptop;Windows 10;Chrome 96.0.4664.110;1366x768;1366x625;Decision Chunk;Need for Cognition Scale (Finnish);5;JKILHMGNFAEBDC;Decision Chunk;;;;No;5;5;3;3;2;2;3;3;3;3;4;4;1;1;2;2;3;3;1;1;3;3;2;2;3;3;4;4;3;3;3;3;3;3;3;3;99419
1;1640610907068;27/12/2021 13:15:07;1640610903426;2;27/12/2021 15:15:03;55551;22;questionnaire-eygv;;18217500;BLIND;5380940;;live;;;computer;Desktop or Laptop;Windows 10;Edge 96.0.1054.62;1536x864;1536x754;Decision Chunk;Need for Cognition Scale (Finnish);5;IJHKGLFMENDACB;Decision Chunk;;;;No;3;3;5;5;1;1;1;1;1;1;4;4;5;5;3;3;2;2;2;2;4;4;1;1;3;3;4;4;4;4;2;2;1;1;5;5;303653
1;1640608375251;27/12/2021 12:32:55;1640608375290;2;27/12/2021 14:32:55;55551;22;questionnaire-eygv;;18216870;BLIND;5380955;;complete;;;computer;Desktop or Laptop;Windows 10;Chrome 96.0.4664.110;1366x768;1366x625;Openminded Chunk;Need for Cognition Scale (Finnish);5;HIGJFKELDMCNBA;Decision Chunk;Science Chunk;Reasoning Chunk;Openminded Chunk;No;4;4;2;2;5;5;3;3;3;3;3;3;3;3;3;3;2;2;4;4;5;5;4;4;1;1;5;5;4;4;5;5;5;5;5;5;307448
1;1640297912469;23/12/2021 22:18:32;1640297912282;2;24/12/2021 00:18:32;55551;22;questionnaire-eygv;;18199802;BLIND;5375463;;complete;;;computer;Desktop or Laptop;Mac OS 10.15.7;Safari 15.1;1920x1080;1920x1000;Openminded Chunk;Need for Cognition Scale (Finnish);5;GHFIEJDKCLBMAN;Decision Chunk;Science Chunk;Reasoning Chunk;Openminded Chunk;No;5;5;6;6;1;1;1;1;1;1;6;6;1;1;2;2;3;3;6;6;6;6;1;1;4;4;6;6;5;5;3;3;1;1;6;6;121997
1;1640196279989;22/12/2021 18:04:39;1640196280181;2;22/12/2021 20:04:40;55551;22;questionnaire-eygv;;18187322;BLIND;5372338;;live;;;computer;Desktop or Laptop;Windows 10;Firefox 95.0;640x360;640x295;Reasoning Chunk;Need for Cognition Scale (Finnish);5;FGEHDICJBKALNM;Decision Chunk;Science Chunk;Reasoning Chunk;;No;4;4;6;6;2;2;2;2;2;2;4;4;2;2;1;1;1;1;3;3;6;6;6;6;6;6;4;4;6;6;6;6;1;1;6;6;128724
1;1640099935564;21/12/2021 15:18:55;1640099935443;2;21/12/2021 17:18:55;55551;22;questionnaire-eygv;;18169024;BLIND;5355205;;complete;;;computer;Desktop or Laptop;Mac OS 10.15.7;Chrome 96.0.4664.110;1280x800;1280x697;Openminded Chunk;Need for Cognition Scale (Finnish);5;DECFBGAHNIMJLK;Decision Chunk;Science Chunk;Reasoning Chunk;Openminded Chunk;No;2;2;2;2;2;2;3;3;2;2;4;4;2;2;2;2;4;4;4;4;4;4;3;3;2;2;6;6;3;3;2;2;3;3;5;5;120540
1;1640070876217;21/12/2021 07:14:36;1640070876923;2;21/12/2021 09:14:36;55551;22;questionnaire-eygv;;18160409;BLIND;5358132;;live;;;computer;Desktop or Laptop;Windows 10;Chrome 96.0.4664.110;1600x900;1600x757;Reasoning Chunk;Need for Cognition Scale (Finnish);5;EFDGCHBIAJNKML;Decision Chunk;Science Chunk;Reasoning Chunk;;No;2;2;3;3;2;2;2;2;3;3;4;4;2;2;3;3;3;3;4;4;3;3;3;3;3;3;2;2;3;3;3;3;2;2;4;4;241825
1;1640023010718;20/12/2021 17:56:50;1640023011771;2;20/12/2021 19:56:51;55551;22;questionnaire-eygv;;18152488;BLIND;5354577;;complete;;;computer;Desktop or Laptop;Windows 10;Chrome 96.0.4664.110;1536x864;1536x722;Openminded Chunk;Need for Cognition Scale (Finnish);5;CDBEAFNGMHLIKJ;Decision Chunk;Science Chunk;Reasoning Chunk;Openminded Chunk;No;5;5;5;5;1;1;1;1;1;1;6;6;1;1;1;1;1;1;6;6;6;6;1;1;6;6;6;6;6;6;1;1;1;1;5;5;182920
1;1639745084583;17/12/2021 12:44:44;1639745084432;2;17/12/2021 14:44:44;55551;22;questionnaire-eygv;;18091430;BLIND;5336084;;complete;;;computer;Desktop or Laptop;Mac OS 10.15.7;Safari 15.1;1440x900;1140x731;Openminded Chunk;Need for Cognition Scale (Finnish);5;BCADNEMFLGKHJI;Decision Chunk;Science Chunk;Reasoning Chunk;Openminded Chunk;No;5;5;6;6;1;1;1;1;1;1;5;5;2;2;1;1;1;1;6;6;6;6;1;1;5;5;5;5;5;5;6;6;2;2;5;5;93371
1;1639594338322;15/12/2021 18:52:18;1639594338359;2;15/12/2021 20:52:18;55551;22;questionnaire-eygv;;18031833;BLIND;5320807;;complete;;;computer;Desktop or Laptop;Windows 10;Firefox 95.0;1920x1080;1920x899;Openminded Chunk;Need for Cognition Scale (Finnish);5;ABNCMDLEKFJGIH;Decision Chunk;Science Chunk;Reasoning Chunk;Openminded Chunk;No;3;3;4;4;2;2;3;3;2;2;4;4;3;3;3;3;3;3;3;3;5;5;2;2;4;4;4;4;4;4;3;3;2;2;4;4;149077
1;1639584374544;15/12/2021 16:06:14;1639584374595;2;15/12/2021 18:06:14;55551;22;questionnaire-eygv;;18022633;BLIND;5317567;;live;;;computer;Desktop or Laptop;Windows 10;Chrome 96.0.4664.93;1920x1080;1920x937;Reasoning Chunk;Need for Cognition Scale (Finnish);5;NAMBLCKDJEIFHG;Decision Chunk;Science Chunk;Reasoning Chunk;;No;3;3;4;4;2;2;2;2;2;2;2;2;2;2;2;2;2;2;3;3;5;5;2;2;3;3;4;4;4;4;3;3;2;2;4;4;191369
1;1639470802072;14/12/2021 08:33:22;1639470801777;2;14/12/2021 10:33:21;55551;22;questionnaire-eygv;;17984086;BLIND;5305503;;complete;;;computer;Desktop or Laptop;Windows 10;Firefox 95.0;1024x576;1024x474;Openminded Chunk;Need for Cognition Scale (Finnish);5;MNLAKBJCIDHEGF;Decision Chunk;Science Chunk;Reasoning Chunk;Openminded Chunk;No;6;6;4;4;1;1;2;2;1;1;5;5;2;2;3;3;2;2;4;4;5;5;1;1;4;4;6;6;5;5;3;3;1;1;6;6;156085
1;1639395733236;13/12/2021 11:42:13;1639395733159;1;13/12/2021 12:42:13;55551;22;questionnaire-eygv;;17964151;BLIND;5298015;;complete;;;computer;Desktop or Laptop;Linux x86_64;Chrome 96.0.4664.93;1920x1080;1920x924;Openminded Chunk;Need for Cognition Scale (Finnish);5;LMKNJAIBHCGDFE;Decision Chunk;Science Chunk;Reasoning Chunk;Openminded Chunk;No;5;5;5;5;2;2;2;2;1;1;5;5;3;3;2;2;3;3;5;5;6;6;1;1;5;5;5;5;6;6;6;6;1;1;6;6;95073
1;1639340641678;12/12/2021 20:24:01;1639340641548;2;12/12/2021 22:24:01;55551;22;questionnaire-eygv;;17956612;BLIND;5294346;;live;;;computer;Desktop or Laptop;Linux x86_64;Firefox 94.0;1920x1080;1920x966;Science Chunk;Need for Cognition Scale (Finnish);5;KLJMINHAGBFCED;Decision Chunk;Science Chunk;;;No;3;3;1;1;6;6;6;6;3;3;6;6;1;1;4;4;1;1;6;6;1;1;6;6;1;1;1;1;1;1;1;1;1;1;1;1;190228
1;1639238186439;11/12/2021 15:56:26;1639238186060;2;11/12/2021 17:56:26;55551;22;questionnaire-eygv;;17941569;BLIND;5292007;;complete;;;computer;Desktop or Laptop;Windows 10;Chrome 96.0.4664.45;1920x1080;960x485;Openminded Chunk;Need for Cognition Scale (Finnish);5;JKILHMGNFAEBDC;Decision Chunk;Science Chunk;Reasoning Chunk;Openminded Chunk;No;5;5;5;5;1;1;1;1;1;1;6;6;1;1;1;1;1;1;2;2;5;5;1;1;4;4;6;6;6;6;1;1;1;1;6;6;115845
1;1639209052960;11/12/2021 07:50:52;1639209049593;2;11/12/2021 09:50:49;55551;22;questionnaire-eygv;;17936596;BLIND;5290491;;complete;;;computer;Desktop or Laptop;Windows 10;Chrome 96.0.4664.93;1536x864;1536x714;Openminded Chunk;Need for Cognition Scale (Finnish);5;IJHKGLFMENDACB;Decision Chunk;Science Chunk;Reasoning Chunk;Openminded Chunk;No;4;4;3;3;1;1;2;2;1;1;5;5;1;1;2;2;2;2;3;3;4;4;1;1;3;3;5;5;4;4;4;4;1;1;6;6;139558
1;1639161761554;10/12/2021 18:42:41;1639161761467;2;10/12/2021 20:42:41;55551;22;questionnaire-eygv;;17927145;BLIND;5287907;;complete;;;computer;Desktop or Laptop;Mac OS 10.13.6;Safari 13.1.2;1920x1080;1324x994;Openminded Chunk;Need for Cognition Scale (Finnish);5;HIGJFKELDMCNBA;Decision Chunk;Science Chunk;Reasoning Chunk;Openminded Chunk;No;5;5;5;5;1;1;1;1;1;1;6;6;2;2;1;1;1;1;3;3;5;5;1;1;4;4;5;5;5;5;3;3;2;2;5;5;252464
1;1639133649143;10/12/2021 10:54:09;1639133649089;2;10/12/2021 12:54:09;55551;22;questionnaire-eygv;;17909632;BLIND;5282634;;live;;;computer;Desktop or Laptop;Windows 10;Chrome 96.0.4664.93;1536x864;1536x754;Reasoning Chunk;Need for Cognition Scale (Finnish);5;GHFIEJDKCLBMAN;Decision Chunk;Science Chunk;Reasoning Chunk;;No;4;4;4;4;2;2;2;2;2;2;3;3;3;3;3;3;2;2;3;3;3;3;3;3;2;2;3;3;3;3;5;5;2;2;5;5;70116
1;1638963587713;08/12/2021 11:39:47;1638963587640;2;08/12/2021 13:39:47;55551;22;questionnaire-eygv;;17840594;BLIND;5258209;;complete;;;computer;Desktop or Laptop;Windows 10;Firefox 94.0;1920x1080;1920x955;Openminded Chunk;Need for Cognition Scale (Finnish);5;FGEHDICJBKALNM;Decision Chunk;Science Chunk;Reasoning Chunk;Openminded Chunk;No;5;5;5;5;1;1;1;1;1;1;5;5;2;2;1;1;1;1;3;3;5;5;1;1;5;5;6;6;5;5;1;1;1;1;6;6;98405
1;1638362660653;01/12/2021 12:44:20;1638362658768;2;01/12/2021 14:44:18;55551;22;questionnaire-eygv;;17620346;BLIND;5202064;;complete;;;computer;Desktop or Laptop;Windows 7;Chrome 96.0.4664.45;1280x1024;1280x881;Openminded Chunk;Need for Cognition Scale (Finnish);5;EFDGCHBIAJNKML;Decision Chunk;Science Chunk;Reasoning Chunk;Openminded Chunk;No;4;4;5;5;1;1;2;2;2;2;5;5;1;1;1;1;2;2;4;4;5;5;1;1;4;4;5;5;5;5;1;1;2;2;5;5;72578
1;1638350903815;01/12/2021 09:28:23;1638350903685;2;01/12/2021 11:28:23;55551;22;questionnaire-eygv;;17612133;BLIND;5201242;;complete;;;computer;Desktop or Laptop;Windows 10;Firefox 94.0;1920x1080;1920x909;Openminded Chunk;Need for Cognition Scale (Finnish);5;DECFBGAHNIMJLK;Decision Chunk;Science Chunk;Reasoning Chunk;Openminded Chunk;No;4;4;5;5;1;1;1;1;3;3;4;4;2;2;2;2;1;1;3;3;5;5;2;2;3;3;4;4;5;5;3;3;2;2;5;5;79349
1;1638276161439;30/11/2021 12:42:41;1638276179879;2;30/11/2021 14:42:59;55551;22;questionnaire-eygv;;17586800;BLIND;5192188;;complete;;;computer;Desktop or Laptop;Windows 10;Firefox 94.0;1600x900;1384x775;Openminded Chunk;Need for Cognition Scale (Finnish);5;CDBEAFNGMHLIKJ;Decision Chunk;Science Chunk;Reasoning Chunk;Openminded Chunk;No;4;4;4;4;2;2;3;3;4;4;2;2;4;4;5;5;4;4;3;3;4;4;3;3;2;2;3;3;4;4;3;3;3;3;4;4;110848
1;1638270592922;30/11/2021 11:09:52;1638270683079;2;30/11/2021 13:11:23;55551;22;questionnaire-eygv;;17582657;BLIND;5191578;;complete;;;computer;Desktop or Laptop;Windows 10;Chrome 96.0.4664.45;1920x1080;1920x937;Openminded Chunk;Need for Cognition Scale (Finnish);5;BCADNEMFLGKHJI;Decision Chunk;Science Chunk;Reasoning Chunk;Openminded Chunk;No;4;4;3;3;3;3;3;3;4;4;4;4;4;4;4;4;5;5;4;4;4;4;4;4;3;3;4;4;4;4;4;4;3;3;4;4;129699
1;1638231800562;30/11/2021 00:23:20;1638231800447;2;30/11/2021 02:23:20;55551;22;questionnaire-eygv;;17574068;BLIND;5189349;;live;;;computer;Desktop or Laptop;Ubuntu undefined;Firefox 94.0;1600x900;1310x723;Openminded Chunk;Need for Cognition Scale (Finnish);5;ABNCMDLEKFJGIH;Decision Chunk;Science Chunk;Reasoning Chunk;Openminded Chunk;No;5;5;5;5;1;1;2;2;1;1;4;4;3;3;2;2;2;2;6;6;6;6;3;3;3;3;6;6;5;5;3;3;2;2;6;6;207773
1;1638047080999;27/11/2021 21:04:40;1638047081764;2;27/11/2021 23:04:41;55551;22;questionnaire-eygv;;17526737;BLIND;5175309;;complete;;;computer;Desktop or Laptop;Windows 10;Chrome 96.0.4664.45;1280x720;1280x577;Openminded Chunk;Need for Cognition Scale (Finnish);5;NAMBLCKDJEIFHG;Decision Chunk;Science Chunk;Reasoning Chunk;Openminded Chunk;No;3;3;2;2;1;1;2;2;2;2;4;4;2;2;3;3;2;2;2;2;4;4;2;2;2;2;4;4;3;3;6;6;3;3;3;3;81657
1;1637864633182;25/11/2021 18:23:53;1637864632917;2;25/11/2021 20:23:52;55551;22;questionnaire-eygv;;17487535;BLIND;5156990;;complete;;;computer;Desktop or Laptop;Windows 10;Firefox 94.0;1280x720;1280x577;Openminded Chunk;Need for Cognition Scale (Finnish);5;MNLAKBJCIDHEGF;Decision Chunk;Science Chunk;Reasoning Chunk;Openminded Chunk;No;5;5;5;5;1;1;3;3;2;2;5;5;2;2;4;4;2;2;5;5;5;5;1;1;6;6;6;6;4;4;4;4;1;1;5;5;329606
1;1637664155957;23/11/2021 10:42:35;1637664155726;2;23/11/2021 12:42:35;55551;22;questionnaire-eygv;;17400024;BLIND;5133586;;complete;;;computer;Desktop or Laptop;Mac OS 10.15.7;Safari 15.0;1280x800;1280x712;Openminded Chunk;Need for Cognition Scale (Finnish);5;LMKNJAIBHCGDFE;Decision Chunk;Science Chunk;Reasoning Chunk;Openminded Chunk;No;5;5;4;4;1;1;2;2;3;3;5;5;4;4;3;3;2;2;5;5;5;5;2;2;4;4;4;4;5;5;2;2;1;1;4;4;103390
1;1637658846125;23/11/2021 09:14:06;1637658846037;2;23/11/2021 11:14:06;55551;22;questionnaire-eygv;;17396211;BLIND;5133207;;complete;;;computer;Desktop or Laptop;Mac OS 10.13.6;Chrome 94.0.4606.81;1920x1080;1842x680;Openminded Chunk;Need for Cognition Scale (Finnish);5;KLJMINHAGBFCED;Decision Chunk;Science Chunk;Reasoning Chunk;Openminded Chunk;No;3;3;4;4;2;2;3;3;3;3;4;4;2;2;2;2;2;2;2;2;4;4;2;2;5;5;4;4;5;5;3;3;2;2;5;5;117951
1;1637652999905;23/11/2021 07:36:39;1637653000145;2;23/11/2021 09:36:40;55551;22;questionnaire-eygv;;17395408;BLIND;5132910;;complete;;;computer;Desktop or Laptop;Windows 10;Chrome 95.0.4638.69;1280x720;1280x520;Openminded Chunk;Need for Cognition Scale (Finnish);5;JKILHMGNFAEBDC;Decision Chunk;Science Chunk;Reasoning Chunk;Openminded Chunk;No;6;6;4;4;6;6;1;1;1;1;5;5;1;1;3;3;4;4;4;4;6;6;2;2;4;4;6;6;4;4;3;3;1;1;6;6;199751
1;1637617801924;22/11/2021 21:50:01;1637617801569;2;22/11/2021 23:50:01;55551;22;questionnaire-eygv;;17390192;BLIND;5130877;;complete;;;computer;Desktop or Laptop;Windows 10;Chrome 96.0.4664.45;1920x1080;1920x937;Openminded Chunk;Need for Cognition Scale (Finnish);5;IJHKGLFMENDACB;Decision Chunk;Science Chunk;Reasoning Chunk;Openminded Chunk;No;5;5;5;5;2;2;2;2;2;2;5;5;2;2;2;2;2;2;5;5;5;5;2;2;4;4;5;5;4;4;4;4;2;2;4;4;76443
1;1637594547867;22/11/2021 15:22:27;1637594548225;2;22/11/2021 17:22:28;55551;22;questionnaire-eygv;;17377285;BLIND;5126869;;complete;;;computer;Desktop or Laptop;Windows 10;Chrome 96.0.4664.45;1536x864;1536x722;Openminded Chunk;Need for Cognition Scale (Finnish);5;HIGJFKELDMCNBA;Decision Chunk;Science Chunk;Reasoning Chunk;Openminded Chunk;No;5;5;5;5;2;2;3;3;3;3;4;4;2;2;3;3;4;4;4;4;4;4;2;2;3;3;4;4;4;4;2;2;2;2;5;5;98756
1;1637501315215;21/11/2021 13:28:35;1637501313805;2;21/11/2021 15:28:33;55551;22;questionnaire-eygv;;17351203;BLIND;5120203;;complete;;;computer;Desktop or Laptop;Windows 10;Firefox 94.0;1280x720;1280x605;Openminded Chunk;Need for Cognition Scale (Finnish);5;GHFIEJDKCLBMAN;Decision Chunk;Science Chunk;Reasoning Chunk;Openminded Chunk;No;4;4;3;3;1;1;1;1;1;1;5;5;2;2;2;2;1;1;6;6;5;5;1;1;4;4;3;3;3;3;3;3;2;2;6;6;106758
1;1637431209311;20/11/2021 18:00:09;1637431209212;2;20/11/2021 20:00:09;55551;22;questionnaire-eygv;;17341917;BLIND;5117494;;live;;;computer;Desktop or Laptop;Mac OS 10.15.7;Chrome 96.0.4664.55;2048x1152;1540x838;Reasoning Chunk;Need for Cognition Scale (Finnish);5;FGEHDICJBKALNM;Decision Chunk;Science Chunk;Reasoning Chunk;;No;4;4;4;4;1;1;1;1;1;1;5;5;2;2;3;3;1;1;5;5;4;4;1;1;3;3;4;4;5;5;5;5;1;1;4;4;158043
1;1637331048136;19/11/2021 14:10:48;1637331048026;2;19/11/2021 16:10:48;55551;22;questionnaire-eygv;;17314746;BLIND;5110749;;complete;;;computer;Desktop or Laptop;Mac OS 10.14.6;Chrome 96.0.4664.45;1440x900;1152x613;Openminded Chunk;Need for Cognition Scale (Finnish);5;EFDGCHBIAJNKML;Decision Chunk;Science Chunk;Reasoning Chunk;Openminded Chunk;No;4;4;4;4;2;2;2;2;3;3;4;4;3;3;3;3;1;1;5;5;5;5;2;2;3;3;2;2;3;3;3;3;2;2;5;5;157767
1;1635943766165;03/11/2021 12:49:26;1635943766003;2;03/11/2021 14:49:26;55551;22;questionnaire-eygv;;16851668;BLIND;4986367;;complete;;;computer;Desktop or Laptop;Windows 10;Firefox 93.0;1920x1080;1829x967;Openminded Chunk;Need for Cognition Scale (Finnish);5;CDBEAFNGMHLIKJ;Decision Chunk;Science Chunk;Reasoning Chunk;Openminded Chunk;No;5;5;4;4;2;2;2;2;3;3;3;3;3;3;2;2;2;2;5;5;6;6;2;2;3;3;4;4;4;4;2;2;2;2;6;6;75746
1;1635860960779;02/11/2021 13:49:20;1635860959858;1;02/11/2021 14:49:19;55551;22;questionnaire-eygv;;16830866;BLIND;4978306;;complete;;;computer;Desktop or Laptop;Windows 10;Chrome 95.0.4638.69;1536x864;1442x712;Openminded Chunk;Need for Cognition Scale (Finnish);5;BCADNEMFLGKHJI;Decision Chunk;Science Chunk;Reasoning Chunk;Openminded Chunk;No;6;6;5;5;1;1;1;1;1;1;5;5;3;3;4;4;3;3;6;6;6;6;1;1;5;5;6;6;5;5;3;3;4;4;6;6;126300
1;1635791039998;01/11/2021 18:23:59;1635791039828;2;01/11/2021 20:23:59;55551;22;questionnaire-eygv;;16814263;BLIND;4973999;;complete;;;computer;Desktop or Laptop;Mac OS 10.15;Firefox 93.0;1440x900;1440x717;Openminded Chunk;Need for Cognition Scale (Finnish);5;ABNCMDLEKFJGIH;Decision Chunk;Science Chunk;Reasoning Chunk;Openminded Chunk;No;4;4;4;4;1;1;1;1;1;1;5;5;1;1;2;2;3;3;4;4;4;4;2;2;3;3;5;5;5;5;4;4;3;3;6;6;146491
1;1635530206494;29/10/2021 17:56:46;1635530206195;3;29/10/2021 20:56:46;55551;22;questionnaire-eygv;;16777167;BLIND;4959547;;complete;;;computer;Desktop or Laptop;Windows 10;Chrome 95.0.4638.54;1536x864;1536x722;Openminded Chunk;Need for Cognition Scale (Finnish);5;MNLAKBJCIDHEGF;Decision Chunk;Science Chunk;Reasoning Chunk;Openminded Chunk;No;3;3;2;2;3;3;3;3;3;3;4;4;2;2;5;5;4;4;5;5;3;3;2;2;2;2;4;4;2;2;6;6;2;2;6;6;174510
1;1635512776648;29/10/2021 13:06:16;1635512776741;3;29/10/2021 16:06:16;55551;22;questionnaire-eygv;;16771663;BLIND;4960307;;live;;;computer;Desktop or Laptop;Windows 10;Chrome 95.0.4638.69;1280x720;1280x577;Reasoning Chunk;Need for Cognition Scale (Finnish);5;NAMBLCKDJEIFHG;Decision Chunk;Science Chunk;Reasoning Chunk;;No;4;4;4;4;1;1;1;1;2;2;5;5;1;1;1;1;4;4;5;5;5;5;1;1;5;5;3;3;3;3;2;2;4;4;6;6;50438
1;1635503717952;29/10/2021 10:35:17;1635503718091;3;29/10/2021 13:35:18;55551;22;questionnaire-eygv;;16768772;BLIND;4959255;;complete;;;computer;Desktop or Laptop;Windows 10;Chrome 94.0.4606.81;1280x720;1422x641;Openminded Chunk;Need for Cognition Scale (Finnish);5;LMKNJAIBHCGDFE;Decision Chunk;Science Chunk;Reasoning Chunk;Openminded Chunk;No;2;2;1;1;4;4;4;4;5;5;1;1;5;5;6;6;4;4;2;2;5;5;2;2;2;2;1;1;2;2;6;6;3;3;4;4;109629
1;1635356287854;27/10/2021 17:38:07;1635356288072;3;27/10/2021 20:38:08;55551;22;questionnaire-eygv;;16734767;BLIND;4948269;;complete;;;computer;Desktop or Laptop;Windows 10;Chrome 95.0.4638.54;1280x720;1280x609;Openminded Chunk;Need for Cognition Scale (Finnish);5;KLJMINHAGBFCED;Decision Chunk;Science Chunk;Reasoning Chunk;Openminded Chunk;No;3;3;3;3;3;3;2;2;2;2;3;3;2;2;5;5;2;2;3;3;4;4;2;2;4;4;3;3;2;2;2;2;1;1;5;5;210574
1;1635351238116;27/10/2021 16:13:58;1635351237989;3;27/10/2021 19:13:57;55551;22;questionnaire-eygv;;16732576;BLIND;4948053;;complete;;;computer;Desktop or Laptop;Mac OS 10.15.7;Safari 15.0;1680x1050;1421x814;Openminded Chunk;Need for Cognition Scale (Finnish);5;JKILHMGNFAEBDC;Decision Chunk;Science Chunk;Reasoning Chunk;Openminded Chunk;No;6;6;4;4;2;2;3;3;2;2;5;5;2;2;3;3;2;2;6;6;5;5;1;1;2;2;3;3;5;5;5;5;4;4;4;4;76791
1;1635345589954;27/10/2021 14:39:49;1635345592095;3;27/10/2021 17:39:52;55551;22;questionnaire-eygv;;16729342;BLIND;4946837;;complete;;;computer;Desktop or Laptop;Windows 10;Chrome 94.0.4606.81;1366x768;1366x625;Openminded Chunk;Need for Cognition Scale (Finnish);5;IJHKGLFMENDACB;Decision Chunk;Science Chunk;Reasoning Chunk;Openminded Chunk;No;5;5;6;6;1;1;2;2;2;2;4;4;6;6;2;2;2;2;5;5;6;6;1;1;4;4;6;6;4;4;6;6;3;3;3;3;172270
1;1635340889515;27/10/2021 13:21:29;1635340889346;3;27/10/2021 16:21:29;55551;22;questionnaire-eygv;;16726752;BLIND;4945017;;complete;;;computer;Desktop or Laptop;Mac OS 10.15.7;Safari 15.0;1280x800;997x635;Openminded Chunk;Need for Cognition Scale (Finnish);5;HIGJFKELDMCNBA;Decision Chunk;Science Chunk;Reasoning Chunk;Openminded Chunk;No;4;4;4;4;1;1;1;1;1;1;6;6;2;2;1;1;3;3;5;5;5;5;1;1;1;1;5;5;3;3;2;2;3;3;4;4;117735
1;1635330738149;27/10/2021 10:32:18;1635330738084;3;27/10/2021 13:32:18;55551;22;questionnaire-eygv;;16723619;BLIND;4943807;;complete;;;computer;Desktop or Laptop;Windows 10;Chrome 95.0.4638.54;1280x720;1280x587;Openminded Chunk;Need for Cognition Scale (Finnish);5;GHFIEJDKCLBMAN;Decision Chunk;Science Chunk;Reasoning Chunk;Openminded Chunk;No;3;3;3;3;2;2;2;2;2;2;4;4;2;2;4;4;2;2;4;4;4;4;2;2;3;3;4;4;3;3;2;2;3;3;4;4;170676
1;1635248268999;26/10/2021 11:37:48;1635248268937;3;26/10/2021 14:37:48;55551;22;questionnaire-eygv;;16687149;BLIND;4929121;;complete;;;computer;Desktop or Laptop;Windows 10;Chrome 95.0.4638.54;1920x1200;1259x953;Openminded Chunk;Need for Cognition Scale (Finnish);5;FGEHDICJBKALNM;Decision Chunk;Science Chunk;Reasoning Chunk;Openminded Chunk;No;4;4;2;2;3;3;4;4;2;2;4;4;3;3;5;5;5;5;3;3;2;2;5;5;1;1;4;4;2;2;5;5;3;3;4;4;2335137
1;1635176586327;25/10/2021 15:43:06;1635176586156;3;25/10/2021 18:43:06;55551;22;questionnaire-eygv;;16662479;BLIND;4922817;;complete;;;computer;Desktop or Laptop;Mac OS 10.15.7;Chrome 94.0.4606.54;1280x800;1167x641;Openminded Chunk;Need for Cognition Scale (Finnish);5;EFDGCHBIAJNKML;Decision Chunk;Science Chunk;Reasoning Chunk;Openminded Chunk;No;6;6;4;4;2;2;4;4;2;2;3;3;3;3;5;5;2;2;5;5;5;5;2;2;3;3;3;3;4;4;5;5;2;2;5;5;118681
1;1635168000663;25/10/2021 13:20:00;1635168000598;3;25/10/2021 16:20:00;55551;22;questionnaire-eygv;;16657600;BLIND;4921307;;complete;;;computer;Desktop or Laptop;Windows 10;Firefox 78.0;1920x1200;1606x1030;Openminded Chunk;Need for Cognition Scale (Finnish);5;DECFBGAHNIMJLK;Decision Chunk;Science Chunk;Reasoning Chunk;Openminded Chunk;No;3;3;4;4;2;2;2;2;2;2;4;4;3;3;4;4;3;3;3;3;4;4;3;3;3;3;4;4;3;3;3;3;3;3;4;4;116212
1;1635086488430;24/10/2021 14:41:28;1635086492504;3;24/10/2021 17:41:32;55551;22;questionnaire-eygv;;16635202;BLIND;4916307;;complete;;;computer;Desktop or Laptop;Windows 10;Firefox 93.0;1366x768;1366x643;Openminded Chunk;Need for Cognition Scale (Finnish);5;CDBEAFNGMHLIKJ;Decision Chunk;Science Chunk;Reasoning Chunk;Openminded Chunk;No;2;2;2;2;3;3;3;3;3;3;4;4;3;3;4;4;3;3;4;4;4;4;3;3;3;3;5;5;2;2;5;5;2;2;4;4;76087
1;1634754415530;20/10/2021 18:26:55;1634754417413;3;20/10/2021 21:26:57;55551;22;questionnaire-eygv;;16547950;BLIND;4891916;;live;;;computer;Desktop or Laptop;Windows 10;Chrome 94.0.4606.81;1536x864;1536x722;Openminded Chunk;Need for Cognition Scale (Finnish);5;NAMBLCKDJEIFHG;Decision Chunk;Science Chunk;Reasoning Chunk;Openminded Chunk;No;5;5;5;5;2;2;2;2;3;3;3;3;2;2;3;3;1;1;2;2;5;5;2;2;3;3;5;5;5;5;3;3;1;1;5;5;105464
1;1634742680908;20/10/2021 15:11:20;1634742680804;3;20/10/2021 18:11:20;55551;22;questionnaire-eygv;;16541279;BLIND;4886773;;complete;;;computer;Desktop or Laptop;Windows 10;Chrome 95.0.4638.54;1920x1200;1481x944;Openminded Chunk;Need for Cognition Scale (Finnish);5;MNLAKBJCIDHEGF;Decision Chunk;Science Chunk;Reasoning Chunk;Openminded Chunk;No;4;4;5;5;1;1;1;1;1;1;5;5;2;2;3;3;2;2;5;5;6;6;1;1;5;5;5;5;5;5;3;3;1;1;6;6;88793
1;1634733702956;20/10/2021 12:41:42;1634733702825;3;20/10/2021 15:41:42;55551;22;questionnaire-eygv;;16535651;BLIND;4888071;;complete;;;computer;Desktop or Laptop;Windows 10;Firefox 78.0;1536x864;1536x750;Openminded Chunk;Need for Cognition Scale (Finnish);5;LMKNJAIBHCGDFE;Decision Chunk;Science Chunk;Reasoning Chunk;Openminded Chunk;No;5;5;4;4;1;1;1;1;1;1;5;5;2;2;3;3;4;4;4;4;4;4;2;2;3;3;5;5;5;5;4;4;1;1;5;5;229541
1;1634728431684;20/10/2021 11:13:51;1634728432723;3;20/10/2021 14:13:52;55551;22;questionnaire-eygv;;16532913;BLIND;4887607;;complete;;;computer;Desktop or Laptop;Windows 10;Firefox 93.0;1280x720;1280x595;Openminded Chunk;Need for Cognition Scale (Finnish);5;KLJMINHAGBFCED;Decision Chunk;Science Chunk;Reasoning Chunk;Openminded Chunk;No;4;4;4;4;2;2;2;2;2;2;5;5;2;2;4;4;1;1;4;4;4;4;2;2;3;3;3;3;4;4;2;2;2;2;4;4;193847
1;1634722315561;20/10/2021 09:31:55;1634722315488;3;20/10/2021 12:31:55;55551;22;questionnaire-eygv;;16529648;BLIND;4887029;;complete;;;computer;Desktop or Laptop;Windows 10;Chrome 94.0.4606.81;1920x1080;1621x883;Openminded Chunk;Need for Cognition Scale (Finnish);5;JKILHMGNFAEBDC;Decision Chunk;Science Chunk;Reasoning Chunk;Openminded Chunk;No;5;5;6;6;1;1;1;1;1;1;4;4;4;4;3;3;1;1;4;4;5;5;2;2;4;4;4;4;5;5;3;3;2;2;6;6;284380
1;1634721657905;20/10/2021 09:20:57;1634721657749;3;20/10/2021 12:20:57;55551;22;questionnaire-eygv;;16529302;BLIND;4879113;;complete;;;computer;Desktop or Laptop;Windows 10;Firefox 78.0;1536x864;1536x721;Openminded Chunk;Need for Cognition Scale (Finnish);5;IJHKGLFMENDACB;Decision Chunk;Science Chunk;Reasoning Chunk;Openminded Chunk;No;5;5;5;5;1;1;2;2;1;1;5;5;2;2;2;2;2;2;5;5;5;5;1;1;4;4;5;5;5;5;2;2;4;4;5;5;135744
1;1634720884276;20/10/2021 09:08:04;1634720884177;3;20/10/2021 12:08:04;55551;22;questionnaire-eygv;;16528947;BLIND;4886824;;complete;;;computer;Desktop or Laptop;Windows 10;Chrome 94.0.4606.81;1536x864;1536x722;Openminded Chunk;Need for Cognition Scale (Finnish);5;HIGJFKELDMCNBA;Decision Chunk;Science Chunk;Reasoning Chunk;Openminded Chunk;No;2;2;1;1;3;3;3;3;2;2;5;5;2;2;2;2;2;2;3;3;4;4;2;2;3;3;3;3;4;4;3;3;3;3;5;5;144343
1;1634718797685;20/10/2021 08:33:17;1634718797577;3;20/10/2021 11:33:17;55551;22;questionnaire-eygv;;16527746;BLIND;4886771;;live;;;computer;Desktop or Laptop;Windows 10;Firefox 91.0;2560x1440;2093x911;Reasoning Chunk;Need for Cognition Scale (Finnish);5;GHFIEJDKCLBMAN;Decision Chunk;Science Chunk;Reasoning Chunk;;No;5;5;5;5;2;2;2;2;3;3;4;4;2;2;2;2;2;2;4;4;5;5;2;2;4;4;4;4;4;4;4;4;2;2;5;5;104608
1;1634717762196;20/10/2021 08:16:02;1634717762040;3;20/10/2021 11:16:02;55551;22;questionnaire-eygv;;16527181;BLIND;4886552;;complete;;;computer;Desktop or Laptop;Windows 10;Chrome 94.0.4606.81;1280x720;1280x520;Openminded Chunk;Need for Cognition Scale (Finnish);5;FGEHDICJBKALNM;Decision Chunk;Science Chunk;Reasoning Chunk;Openminded Chunk;No;5;5;2;2;2;2;1;1;1;1;5;5;3;3;2;2;2;2;5;5;5;5;2;2;2;2;3;3;5;5;4;4;1;1;3;3;69449
1;1634636180790;19/10/2021 09:36:20;1634636180697;3;19/10/2021 12:36:20;55551;22;questionnaire-eygv;;16491253;BLIND;4877584;;complete;;;computer;Desktop or Laptop;Windows 10;Edge 94.0.992.50;1920x1200;1260x780;Openminded Chunk;Need for Cognition Scale (Finnish);5;DECFBGAHNIMJLK;Decision Chunk;Science Chunk;Reasoning Chunk;Openminded Chunk;No;5;5;5;5;1;1;1;1;1;1;5;5;1;1;2;2;1;1;3;3;5;5;2;2;3;3;5;5;5;5;3;3;2;2;5;5;88474
1;1634046652672;12/10/2021 13:50:52;1634046652541;3;12/10/2021 16:50:52;55551;22;questionnaire-eygv;;16329090;BLIND;4831981;;complete;;;computer;Desktop or Laptop;Windows 10;Chrome 94.0.4606.71;1280x720;1253x580;Openminded Chunk;Need for Cognition Scale (Finnish);5;CDBEAFNGMHLIKJ;Decision Chunk;Science Chunk;Reasoning Chunk;Openminded Chunk;No;4;4;5;5;1;1;2;2;1;1;5;5;3;3;4;4;2;2;6;6;5;5;2;2;3;3;5;5;5;5;2;2;1;1;6;6;80593
1;1634045165517;12/10/2021 13:26:05;1634045165412;3;12/10/2021 16:26:05;55551;22;questionnaire-eygv;;16327753;BLIND;4831351;;complete;;;computer;Desktop or Laptop;Mac OS 10.15.7;Chrome 94.0.4606.71;1440x900;1440x733;Openminded Chunk;Need for Cognition Scale (Finnish);5;BCADNEMFLGKHJI;Decision Chunk;Science Chunk;Reasoning Chunk;Openminded Chunk;No;6;6;6;6;1;1;1;1;1;1;4;4;2;2;2;2;1;1;4;4;6;6;1;1;4;4;3;3;1;1;2;2;4;4;4;4;166756
1;1632750847565;27/09/2021 13:54:07;1632750847275;3;27/09/2021 16:54:07;55551;22;questionnaire-eygv;;16022854;BLIND;4733678;;complete;;;computer;Desktop or Laptop;Windows 10;Chrome 94.0.4606.54;1920x1080;976x809;Openminded Chunk;Need for Cognition Scale (Finnish);5;ABNCMDLEKFJGIH;Decision Chunk;Science Chunk;Reasoning Chunk;Openminded Chunk;No;1;1;2;2;3;3;4;4;5;5;3;3;2;2;6;6;5;5;2;2;3;3;4;4;4;4;4;4;2;2;3;3;4;4;4;4;14639
END OF FILE
