Event Index;UTC Timestamp;UTC Date;Local Timestamp;Local Timezone;Local Date;Experiment ID;Experiment Version;Tree Node Key;Repeat Key;Schedule ID;Participant Public ID;Participant Private ID;Participant Starting Group;Participant Status;Participant Completion Code;Participant External Session ID;Participant Device Type;Participant Device;Participant OS;Participant Browser;Participant Monitor Size;Participant Viewport Size;Checkpoint;Task Name;Task Version;order-8fbu;checkpoint-jqo9;checkpoint-c9q5;checkpoint-a7bi;checkpoint-jcga;Spreadsheet;Spreadsheet Name;Spreadsheet Row;Trial Number;Screen Number;Screen Name;Zone Name;Zone Type;Reaction Time;Reaction Onset;Response Type;Response;Attempt;Correct;Incorrect;Dishonest;X Coordinate;Y Coordinate;Timed Out;randomise_blocks;randomise_trials;display;ANSWER;Text;Likert;Source;Source_topic;ShowProgressBar
1;1641968224982;12/01/2022 06:17:04;1641968223168;2;12/01/2022 08:17:03;55551;23;task-zryk;;18449214;BLIND;5460154;;complete;;;computer;Desktop or Laptop;Windows 10;Chrome 96.0.4664.110;2560x1440;2560x1297;Openminded Chunk;Citizen's Initiative (Finnish) (2nd version);18;ABNCMDLEKFJGIH;Decision Chunk;Science Chunk;Reasoning Chunk;Openminded Chunk;Spreadsheet1;;;BEGIN TASK;;;;;;;;;;0;1;0;;;;;;;;;;;;
2;1641968229994;12/01/2022 06:17:09;1641968228250;2;12/01/2022 08:17:08;55551;23;task-zryk;;18449214;BLIND;5460154;;complete;;;computer;Desktop or Laptop;Windows 10;Chrome 96.0.4664.110;2560x1440;2560x1297;Openminded Chunk;Citizen's Initiative (Finnish) (2nd version);18;ABNCMDLEKFJGIH;Decision Chunk;Science Chunk;Reasoning Chunk;Openminded Chunk;Spreadsheet1;Spreadsheet1;1;1;1;Screen 1;advancementZone;continue_button;5050;;;;;0;1;0;;;;;;Instructions;;;;;;
3;1641968248025;12/01/2022 06:17:28;1641968246266;2;12/01/2022 08:17:26;55551;23;task-zryk;;18449214;BLIND;5460154;;complete;;;computer;Desktop or Laptop;Windows 10;Chrome 96.0.4664.110;2560x1440;2560x1297;Openminded Chunk;Citizen's Initiative (Finnish) (2nd version);18;ABNCMDLEKFJGIH;Decision Chunk;Science Chunk;Reasoning Chunk;Openminded Chunk;Spreadsheet1;Spreadsheet1;1;1;2;Screen 2;advancementZone;continue_button;18010.200000000186;;;;;0;1;0;;;;;;Instructions;;;;;;
4;1641968250533;12/01/2022 06:17:30;1641968248809;2;12/01/2022 08:17:28;55551;23;task-zryk;;18449214;BLIND;5460154;;complete;;;computer;Desktop or Laptop;Windows 10;Chrome 96.0.4664.110;2560x1440;2560x1297;Openminded Chunk;Citizen's Initiative (Finnish) (2nd version);18;ABNCMDLEKFJGIH;Decision Chunk;Science Chunk;Reasoning Chunk;Openminded Chunk;Spreadsheet1;Spreadsheet1;1;1;3;Screen 3;advancementZone;continue_button;2539.2000000001863;;;;;0;1;0;;;;;;Instructions;;;;;;
5;1641968261423;12/01/2022 06:17:41;1641968259682;2;12/01/2022 08:17:39;55551;23;task-zryk;;18449214;BLIND;5460154;;complete;;;computer;Desktop or Laptop;Windows 10;Chrome 96.0.4664.110;2560x1440;2560x1297;Openminded Chunk;Citizen's Initiative (Finnish) (2nd version);18;ABNCMDLEKFJGIH;Decision Chunk;Science Chunk;Reasoning Chunk;Openminded Chunk;Spreadsheet1;Spreadsheet1;2;1;1;Screen 1;Zone2;response_rating_scale_likert_active;10865.899999999907;;;En osaa sanoa;1;0;1;0;;;;;;Initial_assessment;;Kuinka todennäköisesti tukisit tätä kansalaisaloitetta?;Varmasti en, Luultavasti en, En osaa sanoa, Luultavasti kyllä, Varmasti kyllä;;;
6;1641968263738;12/01/2022 06:17:43;1641968262009;2;12/01/2022 08:17:42;55551;23;task-zryk;;18449214;BLIND;5460154;;complete;;;computer;Desktop or Laptop;Windows 10;Chrome 96.0.4664.110;2560x1440;2560x1297;Openminded Chunk;Citizen's Initiative (Finnish) (2nd version);18;ABNCMDLEKFJGIH;Decision Chunk;Science Chunk;Reasoning Chunk;Openminded Chunk;Spreadsheet1;Spreadsheet1;3;2;1;Screen 1;Zone2;response_rating_scale_likert_active;2310.899999999907;;;Hiukan tuttu;1;0;1;0;;;;;;Initial_assessment;;Kuinka tuttu tämä aihe on sinulle?;Ei ollenkaan tuttu, Hiukan tuttu, Jokseenkin tuttu, Hyvin tuttu, Erittäin tuttu;;;
7;1641968266300;12/01/2022 06:17:46;1641968264553;2;12/01/2022 08:17:44;55551;23;task-zryk;;18449214;BLIND;5460154;;complete;;;computer;Desktop or Laptop;Windows 10;Chrome 96.0.4664.110;2560x1440;2560x1297;Openminded Chunk;Citizen's Initiative (Finnish) (2nd version);18;ABNCMDLEKFJGIH;Decision Chunk;Science Chunk;Reasoning Chunk;Openminded Chunk;Spreadsheet1;Spreadsheet1;4;3;1;Screen 1;Zone2;response_rating_scale_likert_active;2526.9000000003725;;;Erittäin kiinnostava;1;0;1;0;;;;;;Initial_assessment;;Kuinka kiinnostava tämän kansalaisaloitteen aihe on mielestäsi?;Ei ollenkaan kiinnostava, Hiukan kiinnostava, Jokseenkin kiinnostava, Hyvin kiinnostava, Erittäin kiinnostava;;;
8;1641968269336;12/01/2022 06:17:49;1641968267609;2;12/01/2022 08:17:47;55551;23;task-zryk;;18449214;BLIND;5460154;;complete;;;computer;Desktop or Laptop;Windows 10;Chrome 96.0.4664.110;2560x1440;2560x1297;Openminded Chunk;Citizen's Initiative (Finnish) (2nd version);18;ABNCMDLEKFJGIH;Decision Chunk;Science Chunk;Reasoning Chunk;Openminded Chunk;Spreadsheet1;Spreadsheet1;5;4;1;Screen 1;Zone2;response_rating_scale_likert_active;3027.600000000093;;;Hyvin uteliaasti;1;0;1;0;;;;;;Initial_assessment;;Kuinka uteliaasti suhtaudut tämän kansalaisaloitteen aiheeseen?;En ollenkaan uteliaasti, Hiukan uteliaasti, Jokseenkin uteliaasti, Hyvin uteliaasti, Erittäin uteliaasti;;;
9;1641968274736;12/01/2022 06:17:54;1641968273002;2;12/01/2022 08:17:53;55551;23;task-zryk;;18449214;BLIND;5460154;;complete;;;computer;Desktop or Laptop;Windows 10;Chrome 96.0.4664.110;2560x1440;2560x1297;Openminded Chunk;Citizen's Initiative (Finnish) (2nd version);18;ABNCMDLEKFJGIH;Decision Chunk;Science Chunk;Reasoning Chunk;Openminded Chunk;Spreadsheet1;Spreadsheet1;6;1;1;Screen 1;Zone9;response_button_image;5373;;;SAM_1.3.PNG;1;0;1;0;;;;;;SAM1;;;;;;
10;1641968283038;12/01/2022 06:18:03;1641968281297;2;12/01/2022 08:18:01;55551;23;task-zryk;;18449214;BLIND;5460154;;complete;;;computer;Desktop or Laptop;Windows 10;Chrome 96.0.4664.110;2560x1440;2560x1297;Openminded Chunk;Citizen's Initiative (Finnish) (2nd version);18;ABNCMDLEKFJGIH;Decision Chunk;Science Chunk;Reasoning Chunk;Openminded Chunk;Spreadsheet1;Spreadsheet1;6;1;2;Screen 2;Zone19;response_button_image;8283.600000000093;;;SAM_2.4.PNG;1;0;1;0;;;;;;SAM1;;;;;;
11;1641968368486;12/01/2022 06:19:28;1641968366738;2;12/01/2022 08:19:26;55551;23;task-zryk;;18449214;BLIND;5460154;;complete;;;computer;Desktop or Laptop;Windows 10;Chrome 96.0.4664.110;2560x1440;2560x1297;Openminded Chunk;Citizen's Initiative (Finnish) (2nd version);18;ABNCMDLEKFJGIH;Decision Chunk;Science Chunk;Reasoning Chunk;Openminded Chunk;Spreadsheet1;Spreadsheet1;10;1;1;Screen 1;advancementZone;continue_button;85399.5;;;;;0;1;0;;;;;1;Reading;;;;"<a href=""https://www.amnesty.fi/turvetuotanto-on-ajettava-alas-oikeudenmukaisesti/"" target=""_blank""> Turvetuotanto on ajettava alas – oikeudenmukaisesti</a><a href=";Turvetuotanto on ajettava alas – oikeudenmukaisesti;1
12;1641968379750;12/01/2022 06:19:39;1641968378018;2;12/01/2022 08:19:38;55551;23;task-zryk;;18449214;BLIND;5460154;;complete;;;computer;Desktop or Laptop;Windows 10;Chrome 96.0.4664.110;2560x1440;2560x1297;Openminded Chunk;Citizen's Initiative (Finnish) (2nd version);18;ABNCMDLEKFJGIH;Decision Chunk;Science Chunk;Reasoning Chunk;Openminded Chunk;Spreadsheet1;Spreadsheet1;10;1;2;Screen 5;Zone7;response_button_image;11268.599999999627;;;SAM_1.4.PNG;1;0;1;0;;;;;1;Reading;;;;"<a href=""https://www.amnesty.fi/turvetuotanto-on-ajettava-alas-oikeudenmukaisesti/"" target=""_blank""> Turvetuotanto on ajettava alas – oikeudenmukaisesti</a><a href=";Turvetuotanto on ajettava alas – oikeudenmukaisesti;1
13;1641968382621;12/01/2022 06:19:42;1641968380889;2;12/01/2022 08:19:40;55551;23;task-zryk;;18449214;BLIND;5460154;;complete;;;computer;Desktop or Laptop;Windows 10;Chrome 96.0.4664.110;2560x1440;2560x1297;Openminded Chunk;Citizen's Initiative (Finnish) (2nd version);18;ABNCMDLEKFJGIH;Decision Chunk;Science Chunk;Reasoning Chunk;Openminded Chunk;Spreadsheet1;Spreadsheet1;10;1;3;Screen 6;Zone19;response_button_image;2860.7000000001863;;;SAM_2.4.PNG;1;0;1;0;;;;;1;Reading;;;;"<a href=""https://www.amnesty.fi/turvetuotanto-on-ajettava-alas-oikeudenmukaisesti/"" target=""_blank""> Turvetuotanto on ajettava alas – oikeudenmukaisesti</a><a href=";Turvetuotanto on ajettava alas – oikeudenmukaisesti;1
14;1641968446599;12/01/2022 06:20:46;1641968444843;2;12/01/2022 08:20:44;55551;23;task-zryk;;18449214;BLIND;5460154;;complete;;;computer;Desktop or Laptop;Windows 10;Chrome 96.0.4664.110;2560x1440;2560x1297;Openminded Chunk;Citizen's Initiative (Finnish) (2nd version);18;ABNCMDLEKFJGIH;Decision Chunk;Science Chunk;Reasoning Chunk;Openminded Chunk;Spreadsheet1;Spreadsheet1;10;1;4;Screen 3;Zone3;response_rating_scale_likert;63948.60000000009;;;Luotettava;;0;1;0;;;;;1;Reading;;;;"<a href=""https://www.amnesty.fi/turvetuotanto-on-ajettava-alas-oikeudenmukaisesti/"" target=""_blank""> Turvetuotanto on ajettava alas – oikeudenmukaisesti</a><a href=";Turvetuotanto on ajettava alas – oikeudenmukaisesti;1
15;1641968446691;12/01/2022 06:20:46;1641968444844;2;12/01/2022 08:20:44;55551;23;task-zryk;;18449214;BLIND;5460154;;complete;;;computer;Desktop or Laptop;Windows 10;Chrome 96.0.4664.110;2560x1440;2560x1297;Openminded Chunk;Citizen's Initiative (Finnish) (2nd version);18;ABNCMDLEKFJGIH;Decision Chunk;Science Chunk;Reasoning Chunk;Openminded Chunk;Spreadsheet1;Spreadsheet1;10;1;4;Screen 3;Zone5;response_text_area;63948.60000000009;;;Julkaisija on pitkään toiminut arvostettu järjestö. Sanavalinnat olivat asiallisia ja teksti hyvin kirjoitettu. Teksti oli kiinnostusta herättävä, voisin lukea aiheesta lisää.;;0;1;0;;;;;1;Reading;;;;"<a href=""https://www.amnesty.fi/turvetuotanto-on-ajettava-alas-oikeudenmukaisesti/"" target=""_blank""> Turvetuotanto on ajettava alas – oikeudenmukaisesti</a><a href=";Turvetuotanto on ajettava alas – oikeudenmukaisesti;1
16;1641968446691;12/01/2022 06:20:46;1641968444844;2;12/01/2022 08:20:44;55551;23;task-zryk;;18449214;BLIND;5460154;;complete;;;computer;Desktop or Laptop;Windows 10;Chrome 96.0.4664.110;2560x1440;2560x1297;Openminded Chunk;Citizen's Initiative (Finnish) (2nd version);18;ABNCMDLEKFJGIH;Decision Chunk;Science Chunk;Reasoning Chunk;Openminded Chunk;Spreadsheet1;Spreadsheet1;10;1;4;Screen 3;Zone6;continue_button;63948.60000000009;;;;;0;1;0;;;;;1;Reading;;;;"<a href=""https://www.amnesty.fi/turvetuotanto-on-ajettava-alas-oikeudenmukaisesti/"" target=""_blank""> Turvetuotanto on ajettava alas – oikeudenmukaisesti</a><a href=";Turvetuotanto on ajettava alas – oikeudenmukaisesti;1
17;1641968452974;12/01/2022 06:20:52;1641968451242;2;12/01/2022 08:20:51;55551;23;task-zryk;;18449214;BLIND;5460154;;complete;;;computer;Desktop or Laptop;Windows 10;Chrome 96.0.4664.110;2560x1440;2560x1297;Openminded Chunk;Citizen's Initiative (Finnish) (2nd version);18;ABNCMDLEKFJGIH;Decision Chunk;Science Chunk;Reasoning Chunk;Openminded Chunk;Spreadsheet1;Spreadsheet1;10;1;5;Screen 10;Zone3;response_rating_scale_likert_active;6394.800000000279;;;Hyvin paljon;1;0;1;0;;;;;1;Reading;;;;"<a href=""https://www.amnesty.fi/turvetuotanto-on-ajettava-alas-oikeudenmukaisesti/"" target=""_blank""> Turvetuotanto on ajettava alas – oikeudenmukaisesti</a><a href=";Turvetuotanto on ajettava alas – oikeudenmukaisesti;1
18;1641968456313;12/01/2022 06:20:56;1641968454569;2;12/01/2022 08:20:54;55551;23;task-zryk;;18449214;BLIND;5460154;;complete;;;computer;Desktop or Laptop;Windows 10;Chrome 96.0.4664.110;2560x1440;2560x1297;Openminded Chunk;Citizen's Initiative (Finnish) (2nd version);18;ABNCMDLEKFJGIH;Decision Chunk;Science Chunk;Reasoning Chunk;Openminded Chunk;Spreadsheet1;Spreadsheet1;10;1;6;Screen 4;Zone3;response_rating_scale_likert_active;3323.5999999996275;;;Erittäin vakuuttava;1;0;1;0;;;;;1;Reading;;;;"<a href=""https://www.amnesty.fi/turvetuotanto-on-ajettava-alas-oikeudenmukaisesti/"" target=""_blank""> Turvetuotanto on ajettava alas – oikeudenmukaisesti</a><a href=";Turvetuotanto on ajettava alas – oikeudenmukaisesti;1
19;1641968461361;12/01/2022 06:21:01;1641968459625;2;12/01/2022 08:20:59;55551;23;task-zryk;;18449214;BLIND;5460154;;complete;;;computer;Desktop or Laptop;Windows 10;Chrome 96.0.4664.110;2560x1440;2560x1297;Openminded Chunk;Citizen's Initiative (Finnish) (2nd version);18;ABNCMDLEKFJGIH;Decision Chunk;Science Chunk;Reasoning Chunk;Openminded Chunk;Spreadsheet1;Spreadsheet1;10;1;7;Screen 2;Zone3;response_rating_scale_likert_active;5052.399999999907;;;Luultavasti kyllä;1;0;1;0;;;;;1;Reading;;;;"<a href=""https://www.amnesty.fi/turvetuotanto-on-ajettava-alas-oikeudenmukaisesti/"" target=""_blank""> Turvetuotanto on ajettava alas – oikeudenmukaisesti</a><a href=";Turvetuotanto on ajettava alas – oikeudenmukaisesti;1
20;1641968466675;12/01/2022 06:21:06;1641968464937;2;12/01/2022 08:21:04;55551;23;task-zryk;;18449214;BLIND;5460154;;complete;;;computer;Desktop or Laptop;Windows 10;Chrome 96.0.4664.110;2560x1440;2560x1297;Openminded Chunk;Citizen's Initiative (Finnish) (2nd version);18;ABNCMDLEKFJGIH;Decision Chunk;Science Chunk;Reasoning Chunk;Openminded Chunk;Spreadsheet1;Spreadsheet1;10;1;8;Screen 11;Zone3;response_rating_scale_likert_active;5306.9000000003725;;;Varmasti en;1;0;1;0;;;;;1;Reading;;;;"<a href=""https://www.amnesty.fi/turvetuotanto-on-ajettava-alas-oikeudenmukaisesti/"" target=""_blank""> Turvetuotanto on ajettava alas – oikeudenmukaisesti</a><a href=";Turvetuotanto on ajettava alas – oikeudenmukaisesti;1
21;1641968473884;12/01/2022 06:21:13;1641968472153;2;12/01/2022 08:21:12;55551;23;task-zryk;;18449214;BLIND;5460154;;complete;;;computer;Desktop or Laptop;Windows 10;Chrome 96.0.4664.110;2560x1440;2560x1297;Openminded Chunk;Citizen's Initiative (Finnish) (2nd version);18;ABNCMDLEKFJGIH;Decision Chunk;Science Chunk;Reasoning Chunk;Openminded Chunk;Spreadsheet1;Spreadsheet1;10;1;9;Screen 7;Zone3;response_rating_scale_likert_active;7212.700000000186;;;Jokseenkin tuttu;1;0;1;0;;;;;1;Reading;;;;"<a href=""https://www.amnesty.fi/turvetuotanto-on-ajettava-alas-oikeudenmukaisesti/"" target=""_blank""> Turvetuotanto on ajettava alas – oikeudenmukaisesti</a><a href=";Turvetuotanto on ajettava alas – oikeudenmukaisesti;1
22;1641968483145;12/01/2022 06:21:23;1641968481409;2;12/01/2022 08:21:21;55551;23;task-zryk;;18449214;BLIND;5460154;;complete;;;computer;Desktop or Laptop;Windows 10;Chrome 96.0.4664.110;2560x1440;2560x1297;Openminded Chunk;Citizen's Initiative (Finnish) (2nd version);18;ABNCMDLEKFJGIH;Decision Chunk;Science Chunk;Reasoning Chunk;Openminded Chunk;Spreadsheet1;Spreadsheet1;10;1;10;Screen 8;Zone3;response_rating_scale_likert_active;9252;;;Jokseenkin kiinnostavana;1;0;1;0;;;;;1;Reading;;;;"<a href=""https://www.amnesty.fi/turvetuotanto-on-ajettava-alas-oikeudenmukaisesti/"" target=""_blank""> Turvetuotanto on ajettava alas – oikeudenmukaisesti</a><a href=";Turvetuotanto on ajettava alas – oikeudenmukaisesti;1
23;1641968488119;12/01/2022 06:21:28;1641968486377;2;12/01/2022 08:21:26;55551;23;task-zryk;;18449214;BLIND;5460154;;complete;;;computer;Desktop or Laptop;Windows 10;Chrome 96.0.4664.110;2560x1440;2560x1297;Openminded Chunk;Citizen's Initiative (Finnish) (2nd version);18;ABNCMDLEKFJGIH;Decision Chunk;Science Chunk;Reasoning Chunk;Openminded Chunk;Spreadsheet1;Spreadsheet1;10;1;11;Screen 9;Zone3;response_rating_scale_likert_active;4964.200000000186;;;Hyvin uteliaasti;1;0;1;0;;;;;1;Reading;;;;"<a href=""https://www.amnesty.fi/turvetuotanto-on-ajettava-alas-oikeudenmukaisesti/"" target=""_blank""> Turvetuotanto on ajettava alas – oikeudenmukaisesti</a><a href=";Turvetuotanto on ajettava alas – oikeudenmukaisesti;1
24;1641968633953;12/01/2022 06:23:53;1641968632059;2;12/01/2022 08:23:52;55551;23;task-zryk;;18449214;BLIND;5460154;;complete;;;computer;Desktop or Laptop;Windows 10;Chrome 96.0.4664.110;2560x1440;2560x1297;Openminded Chunk;Citizen's Initiative (Finnish) (2nd version);18;ABNCMDLEKFJGIH;Decision Chunk;Science Chunk;Reasoning Chunk;Openminded Chunk;Spreadsheet1;Spreadsheet1;8;2;1;Screen 1;advancementZone;continue_button;145649.1000000001;;;;;0;1;0;;;;;1;Reading;;;;"<a href=""https://www.viite.fi/2020/06/11/punnittua-puhetta-turpeesta/"" target=""_blank""> Punnittua puhetta turpeesta</a>";Punnittua puhetta turpeesta;1
25;1641968637547;12/01/2022 06:23:57;1641968635810;2;12/01/2022 08:23:55;55551;23;task-zryk;;18449214;BLIND;5460154;;complete;;;computer;Desktop or Laptop;Windows 10;Chrome 96.0.4664.110;2560x1440;2560x1297;Openminded Chunk;Citizen's Initiative (Finnish) (2nd version);18;ABNCMDLEKFJGIH;Decision Chunk;Science Chunk;Reasoning Chunk;Openminded Chunk;Spreadsheet1;Spreadsheet1;8;2;2;Screen 5;Zone7;response_button_image;3740.7000000001863;;;SAM_1.4.PNG;1;0;1;0;;;;;1;Reading;;;;"<a href=""https://www.viite.fi/2020/06/11/punnittua-puhetta-turpeesta/"" target=""_blank""> Punnittua puhetta turpeesta</a>";Punnittua puhetta turpeesta;1
26;1641968638441;12/01/2022 06:23:58;1641968636706;2;12/01/2022 08:23:56;55551;23;task-zryk;;18449214;BLIND;5460154;;complete;;;computer;Desktop or Laptop;Windows 10;Chrome 96.0.4664.110;2560x1440;2560x1297;Openminded Chunk;Citizen's Initiative (Finnish) (2nd version);18;ABNCMDLEKFJGIH;Decision Chunk;Science Chunk;Reasoning Chunk;Openminded Chunk;Spreadsheet1;Spreadsheet1;8;2;3;Screen 6;Zone19;response_button_image;885.6000000000931;;;SAM_2.4.PNG;1;0;1;0;;;;;1;Reading;;;;"<a href=""https://www.viite.fi/2020/06/11/punnittua-puhetta-turpeesta/"" target=""_blank""> Punnittua puhetta turpeesta</a>";Punnittua puhetta turpeesta;1
27;1641968724038;12/01/2022 06:25:24;1641968722299;2;12/01/2022 08:25:22;55551;23;task-zryk;;18449214;BLIND;5460154;;complete;;;computer;Desktop or Laptop;Windows 10;Chrome 96.0.4664.110;2560x1440;2560x1297;Openminded Chunk;Citizen's Initiative (Finnish) (2nd version);18;ABNCMDLEKFJGIH;Decision Chunk;Science Chunk;Reasoning Chunk;Openminded Chunk;Spreadsheet1;Spreadsheet1;8;2;4;Screen 3;Zone3;response_rating_scale_likert;85588.1000000001;;;Ei epäluotettava eikä luotettava;;0;1;0;;;;;1;Reading;;;;"<a href=""https://www.viite.fi/2020/06/11/punnittua-puhetta-turpeesta/"" target=""_blank""> Punnittua puhetta turpeesta</a>";Punnittua puhetta turpeesta;1
28;1641968724116;12/01/2022 06:25:24;1641968722300;2;12/01/2022 08:25:22;55551;23;task-zryk;;18449214;BLIND;5460154;;complete;;;computer;Desktop or Laptop;Windows 10;Chrome 96.0.4664.110;2560x1440;2560x1297;Openminded Chunk;Citizen's Initiative (Finnish) (2nd version);18;ABNCMDLEKFJGIH;Decision Chunk;Science Chunk;Reasoning Chunk;Openminded Chunk;Spreadsheet1;Spreadsheet1;8;2;4;Screen 3;Zone5;response_text_area;85588.1000000001;;;Kirjoittaja on ykstyishenkilö ja politiikan tekijä, joka kertoo näkemyksiään. Tekisi mieli uskoa faktat, mutta ei jutussa kerrottu mistä luvut ovat peräisin.;;0;1;0;;;;;1;Reading;;;;"<a href=""https://www.viite.fi/2020/06/11/punnittua-puhetta-turpeesta/"" target=""_blank""> Punnittua puhetta turpeesta</a>";Punnittua puhetta turpeesta;1
29;1641968724116;12/01/2022 06:25:24;1641968722300;2;12/01/2022 08:25:22;55551;23;task-zryk;;18449214;BLIND;5460154;;complete;;;computer;Desktop or Laptop;Windows 10;Chrome 96.0.4664.110;2560x1440;2560x1297;Openminded Chunk;Citizen's Initiative (Finnish) (2nd version);18;ABNCMDLEKFJGIH;Decision Chunk;Science Chunk;Reasoning Chunk;Openminded Chunk;Spreadsheet1;Spreadsheet1;8;2;4;Screen 3;Zone6;continue_button;85588.1000000001;;;;;0;1;0;;;;;1;Reading;;;;"<a href=""https://www.viite.fi/2020/06/11/punnittua-puhetta-turpeesta/"" target=""_blank""> Punnittua puhetta turpeesta</a>";Punnittua puhetta turpeesta;1
30;1641968726730;12/01/2022 06:25:26;1641968724994;2;12/01/2022 08:25:24;55551;23;task-zryk;;18449214;BLIND;5460154;;complete;;;computer;Desktop or Laptop;Windows 10;Chrome 96.0.4664.110;2560x1440;2560x1297;Openminded Chunk;Citizen's Initiative (Finnish) (2nd version);18;ABNCMDLEKFJGIH;Decision Chunk;Science Chunk;Reasoning Chunk;Openminded Chunk;Spreadsheet1;Spreadsheet1;8;2;5;Screen 10;Zone3;response_rating_scale_likert_active;2688.7000000001863;;;Jonkin verran;1;0;1;0;;;;;1;Reading;;;;"<a href=""https://www.viite.fi/2020/06/11/punnittua-puhetta-turpeesta/"" target=""_blank""> Punnittua puhetta turpeesta</a>";Punnittua puhetta turpeesta;1
31;1641968728909;12/01/2022 06:25:28;1641968727178;2;12/01/2022 08:25:27;55551;23;task-zryk;;18449214;BLIND;5460154;;complete;;;computer;Desktop or Laptop;Windows 10;Chrome 96.0.4664.110;2560x1440;2560x1297;Openminded Chunk;Citizen's Initiative (Finnish) (2nd version);18;ABNCMDLEKFJGIH;Decision Chunk;Science Chunk;Reasoning Chunk;Openminded Chunk;Spreadsheet1;Spreadsheet1;8;2;6;Screen 4;Zone3;response_rating_scale_likert_active;2180.2999999998137;;;Neutraali;1;0;1;0;;;;;1;Reading;;;;"<a href=""https://www.viite.fi/2020/06/11/punnittua-puhetta-turpeesta/"" target=""_blank""> Punnittua puhetta turpeesta</a>";Punnittua puhetta turpeesta;1
32;1641968730875;12/01/2022 06:25:30;1641968729137;2;12/01/2022 08:25:29;55551;23;task-zryk;;18449214;BLIND;5460154;;complete;;;computer;Desktop or Laptop;Windows 10;Chrome 96.0.4664.110;2560x1440;2560x1297;Openminded Chunk;Citizen's Initiative (Finnish) (2nd version);18;ABNCMDLEKFJGIH;Decision Chunk;Science Chunk;Reasoning Chunk;Openminded Chunk;Spreadsheet1;Spreadsheet1;8;2;7;Screen 2;Zone3;response_rating_scale_likert_active;1955.7000000001863;;;Luultavasti en;1;0;1;0;;;;;1;Reading;;;;"<a href=""https://www.viite.fi/2020/06/11/punnittua-puhetta-turpeesta/"" target=""_blank""> Punnittua puhetta turpeesta</a>";Punnittua puhetta turpeesta;1
33;1641968740099;12/01/2022 06:25:40;1641968738329;2;12/01/2022 08:25:38;55551;23;task-zryk;;18449214;BLIND;5460154;;complete;;;computer;Desktop or Laptop;Windows 10;Chrome 96.0.4664.110;2560x1440;2560x1297;Openminded Chunk;Citizen's Initiative (Finnish) (2nd version);18;ABNCMDLEKFJGIH;Decision Chunk;Science Chunk;Reasoning Chunk;Openminded Chunk;Spreadsheet1;Spreadsheet1;8;2;8;Screen 11;Zone3;response_rating_scale_likert_active;9188;;;Varmasti en;1;0;1;0;;;;;1;Reading;;;;"<a href=""https://www.viite.fi/2020/06/11/punnittua-puhetta-turpeesta/"" target=""_blank""> Punnittua puhetta turpeesta</a>";Punnittua puhetta turpeesta;1
34;1641968743148;12/01/2022 06:25:43;1641968741410;2;12/01/2022 08:25:41;55551;23;task-zryk;;18449214;BLIND;5460154;;complete;;;computer;Desktop or Laptop;Windows 10;Chrome 96.0.4664.110;2560x1440;2560x1297;Openminded Chunk;Citizen's Initiative (Finnish) (2nd version);18;ABNCMDLEKFJGIH;Decision Chunk;Science Chunk;Reasoning Chunk;Openminded Chunk;Spreadsheet1;Spreadsheet1;8;2;9;Screen 7;Zone3;response_rating_scale_likert_active;3077.100000000093;;;Jokseenkin tuttu;1;0;1;0;;;;;1;Reading;;;;"<a href=""https://www.viite.fi/2020/06/11/punnittua-puhetta-turpeesta/"" target=""_blank""> Punnittua puhetta turpeesta</a>";Punnittua puhetta turpeesta;1
35;1641968745941;12/01/2022 06:25:45;1641968744210;2;12/01/2022 08:25:44;55551;23;task-zryk;;18449214;BLIND;5460154;;complete;;;computer;Desktop or Laptop;Windows 10;Chrome 96.0.4664.110;2560x1440;2560x1297;Openminded Chunk;Citizen's Initiative (Finnish) (2nd version);18;ABNCMDLEKFJGIH;Decision Chunk;Science Chunk;Reasoning Chunk;Openminded Chunk;Spreadsheet1;Spreadsheet1;8;2;10;Screen 8;Zone3;response_rating_scale_likert_active;2795.6999999997206;;;Erittäin kiinnostavana;1;0;1;0;;;;;1;Reading;;;;"<a href=""https://www.viite.fi/2020/06/11/punnittua-puhetta-turpeesta/"" target=""_blank""> Punnittua puhetta turpeesta</a>";Punnittua puhetta turpeesta;1
36;1641968747970;12/01/2022 06:25:47;1641968746242;2;12/01/2022 08:25:46;55551;23;task-zryk;;18449214;BLIND;5460154;;complete;;;computer;Desktop or Laptop;Windows 10;Chrome 96.0.4664.110;2560x1440;2560x1297;Openminded Chunk;Citizen's Initiative (Finnish) (2nd version);18;ABNCMDLEKFJGIH;Decision Chunk;Science Chunk;Reasoning Chunk;Openminded Chunk;Spreadsheet1;Spreadsheet1;8;2;11;Screen 9;Zone3;response_rating_scale_likert_active;2028.1999999997206;;;Hyvin uteliaasti;1;0;1;0;;;;;1;Reading;;;;"<a href=""https://www.viite.fi/2020/06/11/punnittua-puhetta-turpeesta/"" target=""_blank""> Punnittua puhetta turpeesta</a>";Punnittua puhetta turpeesta;1
37;1641968865238;12/01/2022 06:27:45;1641968863507;2;12/01/2022 08:27:43;55551;23;task-zryk;;18449214;BLIND;5460154;;complete;;;computer;Desktop or Laptop;Windows 10;Chrome 96.0.4664.110;2560x1440;2560x1297;Openminded Chunk;Citizen's Initiative (Finnish) (2nd version);18;ABNCMDLEKFJGIH;Decision Chunk;Science Chunk;Reasoning Chunk;Openminded Chunk;Spreadsheet1;Spreadsheet1;11;3;1;Screen 1;advancementZone;continue_button;117232.6000000001;;;;;0;1;0;;;;;1;Reading;;;;"<a href=""https://yle.fi/aihe/artikkeli/2017/09/18/auttaa-akneen-reumaan-selluliittiin-ja-hiustenlahtoon-mika-se-on"" target=""_blank""> Auttaa akneen, reumaan, selluliittiin ja hiustenlähtöön – mikä se on?</a>";Auttaa akneen, reumaan, selluliittiin ja hiustenlähtöön – mikä se on?;1
38;1641968867345;12/01/2022 06:27:47;1641968865610;2;12/01/2022 08:27:45;55551;23;task-zryk;;18449214;BLIND;5460154;;complete;;;computer;Desktop or Laptop;Windows 10;Chrome 96.0.4664.110;2560x1440;2560x1297;Openminded Chunk;Citizen's Initiative (Finnish) (2nd version);18;ABNCMDLEKFJGIH;Decision Chunk;Science Chunk;Reasoning Chunk;Openminded Chunk;Spreadsheet1;Spreadsheet1;11;3;2;Screen 5;Zone7;response_button_image;2092.7999999998137;;;SAM_1.4.PNG;1;0;1;0;;;;;1;Reading;;;;"<a href=""https://yle.fi/aihe/artikkeli/2017/09/18/auttaa-akneen-reumaan-selluliittiin-ja-hiustenlahtoon-mika-se-on"" target=""_blank""> Auttaa akneen, reumaan, selluliittiin ja hiustenlähtöön – mikä se on?</a>";Auttaa akneen, reumaan, selluliittiin ja hiustenlähtöön – mikä se on?;1
39;1641968868097;12/01/2022 06:27:48;1641968866362;2;12/01/2022 08:27:46;55551;23;task-zryk;;18449214;BLIND;5460154;;complete;;;computer;Desktop or Laptop;Windows 10;Chrome 96.0.4664.110;2560x1440;2560x1297;Openminded Chunk;Citizen's Initiative (Finnish) (2nd version);18;ABNCMDLEKFJGIH;Decision Chunk;Science Chunk;Reasoning Chunk;Openminded Chunk;Spreadsheet1;Spreadsheet1;11;3;3;Screen 6;Zone19;response_button_image;741.8999999999069;;;SAM_2.4.PNG;1;0;1;0;;;;;1;Reading;;;;"<a href=""https://yle.fi/aihe/artikkeli/2017/09/18/auttaa-akneen-reumaan-selluliittiin-ja-hiustenlahtoon-mika-se-on"" target=""_blank""> Auttaa akneen, reumaan, selluliittiin ja hiustenlähtöön – mikä se on?</a>";Auttaa akneen, reumaan, selluliittiin ja hiustenlähtöön – mikä se on?;1
40;1641968939135;12/01/2022 06:28:59;1641968937387;2;12/01/2022 08:28:57;55551;23;task-zryk;;18449214;BLIND;5460154;;complete;;;computer;Desktop or Laptop;Windows 10;Chrome 96.0.4664.110;2560x1440;2560x1297;Openminded Chunk;Citizen's Initiative (Finnish) (2nd version);18;ABNCMDLEKFJGIH;Decision Chunk;Science Chunk;Reasoning Chunk;Openminded Chunk;Spreadsheet1;Spreadsheet1;11;3;4;Screen 3;Zone3;response_rating_scale_likert;71020;;;Ei epäluotettava eikä luotettava;;0;1;0;;;;;1;Reading;;;;"<a href=""https://yle.fi/aihe/artikkeli/2017/09/18/auttaa-akneen-reumaan-selluliittiin-ja-hiustenlahtoon-mika-se-on"" target=""_blank""> Auttaa akneen, reumaan, selluliittiin ja hiustenlähtöön – mikä se on?</a>";Auttaa akneen, reumaan, selluliittiin ja hiustenlähtöön – mikä se on?;1
41;1641968939227;12/01/2022 06:28:59;1641968937387;2;12/01/2022 08:28:57;55551;23;task-zryk;;18449214;BLIND;5460154;;complete;;;computer;Desktop or Laptop;Windows 10;Chrome 96.0.4664.110;2560x1440;2560x1297;Openminded Chunk;Citizen's Initiative (Finnish) (2nd version);18;ABNCMDLEKFJGIH;Decision Chunk;Science Chunk;Reasoning Chunk;Openminded Chunk;Spreadsheet1;Spreadsheet1;11;3;4;Screen 3;Zone5;response_text_area;71020;;;Periaatteessa pidän Ylea luotettavana tietolähteenä. Juttu oli hyvin pintapuolinen, siinä esitettiin terveysväittämiä, muttei annettu linkkejävarsinaisten tutkimusten tuloksiin.;;0;1;0;;;;;1;Reading;;;;"<a href=""https://yle.fi/aihe/artikkeli/2017/09/18/auttaa-akneen-reumaan-selluliittiin-ja-hiustenlahtoon-mika-se-on"" target=""_blank""> Auttaa akneen, reumaan, selluliittiin ja hiustenlähtöön – mikä se on?</a>";Auttaa akneen, reumaan, selluliittiin ja hiustenlähtöön – mikä se on?;1
42;1641968939227;12/01/2022 06:28:59;1641968937388;2;12/01/2022 08:28:57;55551;23;task-zryk;;18449214;BLIND;5460154;;complete;;;computer;Desktop or Laptop;Windows 10;Chrome 96.0.4664.110;2560x1440;2560x1297;Openminded Chunk;Citizen's Initiative (Finnish) (2nd version);18;ABNCMDLEKFJGIH;Decision Chunk;Science Chunk;Reasoning Chunk;Openminded Chunk;Spreadsheet1;Spreadsheet1;11;3;4;Screen 3;Zone6;continue_button;71020;;;;;0;1;0;;;;;1;Reading;;;;"<a href=""https://yle.fi/aihe/artikkeli/2017/09/18/auttaa-akneen-reumaan-selluliittiin-ja-hiustenlahtoon-mika-se-on"" target=""_blank""> Auttaa akneen, reumaan, selluliittiin ja hiustenlähtöön – mikä se on?</a>";Auttaa akneen, reumaan, selluliittiin ja hiustenlähtöön – mikä se on?;1
43;1641968943092;12/01/2022 06:29:03;1641968941345;2;12/01/2022 08:29:01;55551;23;task-zryk;;18449214;BLIND;5460154;;complete;;;computer;Desktop or Laptop;Windows 10;Chrome 96.0.4664.110;2560x1440;2560x1297;Openminded Chunk;Citizen's Initiative (Finnish) (2nd version);18;ABNCMDLEKFJGIH;Decision Chunk;Science Chunk;Reasoning Chunk;Openminded Chunk;Spreadsheet1;Spreadsheet1;11;3;5;Screen 10;Zone3;response_rating_scale_likert_active;3954;;;Vähän;1;0;1;0;;;;;1;Reading;;;;"<a href=""https://yle.fi/aihe/artikkeli/2017/09/18/auttaa-akneen-reumaan-selluliittiin-ja-hiustenlahtoon-mika-se-on"" target=""_blank""> Auttaa akneen, reumaan, selluliittiin ja hiustenlähtöön – mikä se on?</a>";Auttaa akneen, reumaan, selluliittiin ja hiustenlähtöön – mikä se on?;1
44;1641968944878;12/01/2022 06:29:04;1641968943137;2;12/01/2022 08:29:03;55551;23;task-zryk;;18449214;BLIND;5460154;;complete;;;computer;Desktop or Laptop;Windows 10;Chrome 96.0.4664.110;2560x1440;2560x1297;Openminded Chunk;Citizen's Initiative (Finnish) (2nd version);18;ABNCMDLEKFJGIH;Decision Chunk;Science Chunk;Reasoning Chunk;Openminded Chunk;Spreadsheet1;Spreadsheet1;11;3;6;Screen 4;Zone3;response_rating_scale_likert_active;1788.1000000000931;;;Ei ollenkaan vakuuttava;1;0;1;0;;;;;1;Reading;;;;"<a href=""https://yle.fi/aihe/artikkeli/2017/09/18/auttaa-akneen-reumaan-selluliittiin-ja-hiustenlahtoon-mika-se-on"" target=""_blank""> Auttaa akneen, reumaan, selluliittiin ja hiustenlähtöön – mikä se on?</a>";Auttaa akneen, reumaan, selluliittiin ja hiustenlähtöön – mikä se on?;1
45;1641968948311;12/01/2022 06:29:08;1641968946577;2;12/01/2022 08:29:06;55551;23;task-zryk;;18449214;BLIND;5460154;;complete;;;computer;Desktop or Laptop;Windows 10;Chrome 96.0.4664.110;2560x1440;2560x1297;Openminded Chunk;Citizen's Initiative (Finnish) (2nd version);18;ABNCMDLEKFJGIH;Decision Chunk;Science Chunk;Reasoning Chunk;Openminded Chunk;Spreadsheet1;Spreadsheet1;11;3;7;Screen 2;Zone3;response_rating_scale_likert_active;3435.399999999907;;;Varmasti en;1;0;1;0;;;;;1;Reading;;;;"<a href=""https://yle.fi/aihe/artikkeli/2017/09/18/auttaa-akneen-reumaan-selluliittiin-ja-hiustenlahtoon-mika-se-on"" target=""_blank""> Auttaa akneen, reumaan, selluliittiin ja hiustenlähtöön – mikä se on?</a>";Auttaa akneen, reumaan, selluliittiin ja hiustenlähtöön – mikä se on?;1
46;1641968954543;12/01/2022 06:29:14;1641968952809;2;12/01/2022 08:29:12;55551;23;task-zryk;;18449214;BLIND;5460154;;complete;;;computer;Desktop or Laptop;Windows 10;Chrome 96.0.4664.110;2560x1440;2560x1297;Openminded Chunk;Citizen's Initiative (Finnish) (2nd version);18;ABNCMDLEKFJGIH;Decision Chunk;Science Chunk;Reasoning Chunk;Openminded Chunk;Spreadsheet1;Spreadsheet1;11;3;8;Screen 11;Zone3;response_rating_scale_likert_active;6226;;;Varmasti en;1;0;1;0;;;;;1;Reading;;;;"<a href=""https://yle.fi/aihe/artikkeli/2017/09/18/auttaa-akneen-reumaan-selluliittiin-ja-hiustenlahtoon-mika-se-on"" target=""_blank""> Auttaa akneen, reumaan, selluliittiin ja hiustenlähtöön – mikä se on?</a>";Auttaa akneen, reumaan, selluliittiin ja hiustenlähtöön – mikä se on?;1
47;1641968957794;12/01/2022 06:29:17;1641968956049;2;12/01/2022 08:29:16;55551;23;task-zryk;;18449214;BLIND;5460154;;complete;;;computer;Desktop or Laptop;Windows 10;Chrome 96.0.4664.110;2560x1440;2560x1297;Openminded Chunk;Citizen's Initiative (Finnish) (2nd version);18;ABNCMDLEKFJGIH;Decision Chunk;Science Chunk;Reasoning Chunk;Openminded Chunk;Spreadsheet1;Spreadsheet1;11;3;9;Screen 7;Zone3;response_rating_scale_likert_active;3235.399999999907;;;Ei ollenkaan tuttu;1;0;1;0;;;;;1;Reading;;;;"<a href=""https://yle.fi/aihe/artikkeli/2017/09/18/auttaa-akneen-reumaan-selluliittiin-ja-hiustenlahtoon-mika-se-on"" target=""_blank""> Auttaa akneen, reumaan, selluliittiin ja hiustenlähtöön – mikä se on?</a>";Auttaa akneen, reumaan, selluliittiin ja hiustenlähtöön – mikä se on?;1
48;1641968964505;12/01/2022 06:29:24;1641968962761;2;12/01/2022 08:29:22;55551;23;task-zryk;;18449214;BLIND;5460154;;complete;;;computer;Desktop or Laptop;Windows 10;Chrome 96.0.4664.110;2560x1440;2560x1297;Openminded Chunk;Citizen's Initiative (Finnish) (2nd version);18;ABNCMDLEKFJGIH;Decision Chunk;Science Chunk;Reasoning Chunk;Openminded Chunk;Spreadsheet1;Spreadsheet1;11;3;10;Screen 8;Zone3;response_rating_scale_likert_active;6708.700000000186;;;Erittäin kiinnostavana;1;0;1;0;;;;;1;Reading;;;;"<a href=""https://yle.fi/aihe/artikkeli/2017/09/18/auttaa-akneen-reumaan-selluliittiin-ja-hiustenlahtoon-mika-se-on"" target=""_blank""> Auttaa akneen, reumaan, selluliittiin ja hiustenlähtöön – mikä se on?</a>";Auttaa akneen, reumaan, selluliittiin ja hiustenlähtöön – mikä se on?;1
49;1641968966912;12/01/2022 06:29:26;1641968965169;2;12/01/2022 08:29:25;55551;23;task-zryk;;18449214;BLIND;5460154;;complete;;;computer;Desktop or Laptop;Windows 10;Chrome 96.0.4664.110;2560x1440;2560x1297;Openminded Chunk;Citizen's Initiative (Finnish) (2nd version);18;ABNCMDLEKFJGIH;Decision Chunk;Science Chunk;Reasoning Chunk;Openminded Chunk;Spreadsheet1;Spreadsheet1;11;3;11;Screen 9;Zone3;response_rating_scale_likert_active;2403.600000000093;;;Hyvin uteliaasti;1;0;1;0;;;;;1;Reading;;;;"<a href=""https://yle.fi/aihe/artikkeli/2017/09/18/auttaa-akneen-reumaan-selluliittiin-ja-hiustenlahtoon-mika-se-on"" target=""_blank""> Auttaa akneen, reumaan, selluliittiin ja hiustenlähtöön – mikä se on?</a>";Auttaa akneen, reumaan, selluliittiin ja hiustenlähtöön – mikä se on?;1
50;1641969296218;12/01/2022 06:34:56;1641969295553;2;12/01/2022 08:34:55;55551;23;task-zryk;;18449214;BLIND;5460154;;complete;;;computer;Desktop or Laptop;Windows 10;Chrome 96.0.4664.110;2560x1440;2560x1297;Openminded Chunk;Citizen's Initiative (Finnish) (2nd version);18;ABNCMDLEKFJGIH;Decision Chunk;Science Chunk;Reasoning Chunk;Openminded Chunk;Spreadsheet1;Spreadsheet1;9;4;1;Screen 1;advancementZone;continue_button;329121.2999999998;;;;;0;1;0;;;;;1;Reading;;;;"<a href=""https://www.tiede.fi/artikkeli/jutut/artikkelit/suo_syntyy_uudestaan"" target=""_blank""> Suo syntyy uudestaan</a>";Suo syntyy uudestaan;1
51;1641969298671;12/01/2022 06:34:58;1641969298495;2;12/01/2022 08:34:58;55551;23;task-zryk;;18449214;BLIND;5460154;;complete;;;computer;Desktop or Laptop;Windows 10;Chrome 96.0.4664.110;2560x1440;2560x1297;Openminded Chunk;Citizen's Initiative (Finnish) (2nd version);18;ABNCMDLEKFJGIH;Decision Chunk;Science Chunk;Reasoning Chunk;Openminded Chunk;Spreadsheet1;Spreadsheet1;9;4;2;Screen 5;Zone7;response_button_image;2585.6999999997206;;;SAM_1.4.PNG;1;0;1;0;;;;;1;Reading;;;;"<a href=""https://www.tiede.fi/artikkeli/jutut/artikkelit/suo_syntyy_uudestaan"" target=""_blank""> Suo syntyy uudestaan</a>";Suo syntyy uudestaan;1
52;1641969299487;12/01/2022 06:34:59;1641969299319;2;12/01/2022 08:34:59;55551;23;task-zryk;;18449214;BLIND;5460154;;complete;;;computer;Desktop or Laptop;Windows 10;Chrome 96.0.4664.110;2560x1440;2560x1297;Openminded Chunk;Citizen's Initiative (Finnish) (2nd version);18;ABNCMDLEKFJGIH;Decision Chunk;Science Chunk;Reasoning Chunk;Openminded Chunk;Spreadsheet1;Spreadsheet1;9;4;3;Screen 6;Zone19;response_button_image;813;;;SAM_2.4.PNG;1;0;1;0;;;;;1;Reading;;;;"<a href=""https://www.tiede.fi/artikkeli/jutut/artikkelit/suo_syntyy_uudestaan"" target=""_blank""> Suo syntyy uudestaan</a>";Suo syntyy uudestaan;1
53;1641969346038;12/01/2022 06:35:46;1641969345880;2;12/01/2022 08:35:45;55551;23;task-zryk;;18449214;BLIND;5460154;;complete;;;computer;Desktop or Laptop;Windows 10;Chrome 96.0.4664.110;2560x1440;2560x1297;Openminded Chunk;Citizen's Initiative (Finnish) (2nd version);18;ABNCMDLEKFJGIH;Decision Chunk;Science Chunk;Reasoning Chunk;Openminded Chunk;Spreadsheet1;Spreadsheet1;9;4;4;Screen 3;Zone3;response_rating_scale_likert;46554.89999999991;;;Luotettava;;0;1;0;;;;;1;Reading;;;;"<a href=""https://www.tiede.fi/artikkeli/jutut/artikkelit/suo_syntyy_uudestaan"" target=""_blank""> Suo syntyy uudestaan</a>";Suo syntyy uudestaan;1
54;1641969346117;12/01/2022 06:35:46;1641969345881;2;12/01/2022 08:35:45;55551;23;task-zryk;;18449214;BLIND;5460154;;complete;;;computer;Desktop or Laptop;Windows 10;Chrome 96.0.4664.110;2560x1440;2560x1297;Openminded Chunk;Citizen's Initiative (Finnish) (2nd version);18;ABNCMDLEKFJGIH;Decision Chunk;Science Chunk;Reasoning Chunk;Openminded Chunk;Spreadsheet1;Spreadsheet1;9;4;4;Screen 3;Zone5;response_text_area;46554.89999999991;;;Tiede-lehden julkaisut ovat yleensä hyvin tehtyjä ja toimittajat tekevät taustatyönsä. Haastateltu oli alansa asiantuntija.;;0;1;0;;;;;1;Reading;;;;"<a href=""https://www.tiede.fi/artikkeli/jutut/artikkelit/suo_syntyy_uudestaan"" target=""_blank""> Suo syntyy uudestaan</a>";Suo syntyy uudestaan;1
55;1641969346117;12/01/2022 06:35:46;1641969345881;2;12/01/2022 08:35:45;55551;23;task-zryk;;18449214;BLIND;5460154;;complete;;;computer;Desktop or Laptop;Windows 10;Chrome 96.0.4664.110;2560x1440;2560x1297;Openminded Chunk;Citizen's Initiative (Finnish) (2nd version);18;ABNCMDLEKFJGIH;Decision Chunk;Science Chunk;Reasoning Chunk;Openminded Chunk;Spreadsheet1;Spreadsheet1;9;4;4;Screen 3;Zone6;continue_button;46554.89999999991;;;;;0;1;0;;;;;1;Reading;;;;"<a href=""https://www.tiede.fi/artikkeli/jutut/artikkelit/suo_syntyy_uudestaan"" target=""_blank""> Suo syntyy uudestaan</a>";Suo syntyy uudestaan;1
56;1641969349183;12/01/2022 06:35:49;1641969349023;2;12/01/2022 08:35:49;55551;23;task-zryk;;18449214;BLIND;5460154;;complete;;;computer;Desktop or Laptop;Windows 10;Chrome 96.0.4664.110;2560x1440;2560x1297;Openminded Chunk;Citizen's Initiative (Finnish) (2nd version);18;ABNCMDLEKFJGIH;Decision Chunk;Science Chunk;Reasoning Chunk;Openminded Chunk;Spreadsheet1;Spreadsheet1;9;4;5;Screen 10;Zone3;response_rating_scale_likert_active;3137.5;;;Paljon;1;0;1;0;;;;;1;Reading;;;;"<a href=""https://www.tiede.fi/artikkeli/jutut/artikkelit/suo_syntyy_uudestaan"" target=""_blank""> Suo syntyy uudestaan</a>";Suo syntyy uudestaan;1
57;1641969350979;12/01/2022 06:35:50;1641969350814;2;12/01/2022 08:35:50;55551;23;task-zryk;;18449214;BLIND;5460154;;complete;;;computer;Desktop or Laptop;Windows 10;Chrome 96.0.4664.110;2560x1440;2560x1297;Openminded Chunk;Citizen's Initiative (Finnish) (2nd version);18;ABNCMDLEKFJGIH;Decision Chunk;Science Chunk;Reasoning Chunk;Openminded Chunk;Spreadsheet1;Spreadsheet1;9;4;6;Screen 4;Zone3;response_rating_scale_likert_active;1787.1000000000931;;;Vakuuttava;1;0;1;0;;;;;1;Reading;;;;"<a href=""https://www.tiede.fi/artikkeli/jutut/artikkelit/suo_syntyy_uudestaan"" target=""_blank""> Suo syntyy uudestaan</a>";Suo syntyy uudestaan;1
58;1641969353658;12/01/2022 06:35:53;1641969353494;2;12/01/2022 08:35:53;55551;23;task-zryk;;18449214;BLIND;5460154;;complete;;;computer;Desktop or Laptop;Windows 10;Chrome 96.0.4664.110;2560x1440;2560x1297;Openminded Chunk;Citizen's Initiative (Finnish) (2nd version);18;ABNCMDLEKFJGIH;Decision Chunk;Science Chunk;Reasoning Chunk;Openminded Chunk;Spreadsheet1;Spreadsheet1;9;4;7;Screen 2;Zone3;response_rating_scale_likert_active;2676;;;Luultavasti en;1;0;1;0;;;;;1;Reading;;;;"<a href=""https://www.tiede.fi/artikkeli/jutut/artikkelit/suo_syntyy_uudestaan"" target=""_blank""> Suo syntyy uudestaan</a>";Suo syntyy uudestaan;1
59;1641969358357;12/01/2022 06:35:58;1641969358325;2;12/01/2022 08:35:58;55551;23;task-zryk;;18449214;BLIND;5460154;;complete;;;computer;Desktop or Laptop;Windows 10;Chrome 96.0.4664.110;2560x1440;2560x1297;Openminded Chunk;Citizen's Initiative (Finnish) (2nd version);18;ABNCMDLEKFJGIH;Decision Chunk;Science Chunk;Reasoning Chunk;Openminded Chunk;Spreadsheet1;Spreadsheet1;9;4;8;Screen 11;Zone3;response_rating_scale_likert_active;4683.9000000003725;;;Varmasti en;1;0;1;0;;;;;1;Reading;;;;"<a href=""https://www.tiede.fi/artikkeli/jutut/artikkelit/suo_syntyy_uudestaan"" target=""_blank""> Suo syntyy uudestaan</a>";Suo syntyy uudestaan;1
60;1641969361272;12/01/2022 06:36:01;1641969361245;2;12/01/2022 08:36:01;55551;23;task-zryk;;18449214;BLIND;5460154;;complete;;;computer;Desktop or Laptop;Windows 10;Chrome 96.0.4664.110;2560x1440;2560x1297;Openminded Chunk;Citizen's Initiative (Finnish) (2nd version);18;ABNCMDLEKFJGIH;Decision Chunk;Science Chunk;Reasoning Chunk;Openminded Chunk;Spreadsheet1;Spreadsheet1;9;4;9;Screen 7;Zone3;response_rating_scale_likert_active;2916.1999999997206;;;Jokseenkin tuttu;1;0;1;0;;;;;1;Reading;;;;"<a href=""https://www.tiede.fi/artikkeli/jutut/artikkelit/suo_syntyy_uudestaan"" target=""_blank""> Suo syntyy uudestaan</a>";Suo syntyy uudestaan;1
61;1641969363630;12/01/2022 06:36:03;1641969363605;2;12/01/2022 08:36:03;55551;23;task-zryk;;18449214;BLIND;5460154;;complete;;;computer;Desktop or Laptop;Windows 10;Chrome 96.0.4664.110;2560x1440;2560x1297;Openminded Chunk;Citizen's Initiative (Finnish) (2nd version);18;ABNCMDLEKFJGIH;Decision Chunk;Science Chunk;Reasoning Chunk;Openminded Chunk;Spreadsheet1;Spreadsheet1;9;4;10;Screen 8;Zone3;response_rating_scale_likert_active;2355.7000000001863;;;Erittäin kiinnostavana;1;0;1;0;;;;;1;Reading;;;;"<a href=""https://www.tiede.fi/artikkeli/jutut/artikkelit/suo_syntyy_uudestaan"" target=""_blank""> Suo syntyy uudestaan</a>";Suo syntyy uudestaan;1
62;1641969365786;12/01/2022 06:36:05;1641969365757;2;12/01/2022 08:36:05;55551;23;task-zryk;;18449214;BLIND;5460154;;complete;;;computer;Desktop or Laptop;Windows 10;Chrome 96.0.4664.110;2560x1440;2560x1297;Openminded Chunk;Citizen's Initiative (Finnish) (2nd version);18;ABNCMDLEKFJGIH;Decision Chunk;Science Chunk;Reasoning Chunk;Openminded Chunk;Spreadsheet1;Spreadsheet1;9;4;11;Screen 9;Zone3;response_rating_scale_likert_active;2146.4000000003725;;;Hyvin uteliaasti;1;0;1;0;;;;;1;Reading;;;;"<a href=""https://www.tiede.fi/artikkeli/jutut/artikkelit/suo_syntyy_uudestaan"" target=""_blank""> Suo syntyy uudestaan</a>";Suo syntyy uudestaan;1
63;1641969535510;12/01/2022 06:38:55;1641969535334;2;12/01/2022 08:38:55;55551;23;task-zryk;;18449214;BLIND;5460154;;complete;;;computer;Desktop or Laptop;Windows 10;Chrome 96.0.4664.110;2560x1440;2560x1297;Openminded Chunk;Citizen's Initiative (Finnish) (2nd version);18;ABNCMDLEKFJGIH;Decision Chunk;Science Chunk;Reasoning Chunk;Openminded Chunk;Spreadsheet1;Spreadsheet1;7;5;1;Screen 1;advancementZone;continue_button;169558.3999999999;;;;;0;1;0;;;;;1;Reading;;;;"<a href=""https://www.pieksamaenlehti.fi/paakirjoitus-mielipide/3159933"" target=""_blank""> Palaako peltoviljely pääosin kangasmaille?</a>";Palaako peltoviljely pääosin kangasmaille?;1
64;1641969537609;12/01/2022 06:38:57;1641969537575;2;12/01/2022 08:38:57;55551;23;task-zryk;;18449214;BLIND;5460154;;complete;;;computer;Desktop or Laptop;Windows 10;Chrome 96.0.4664.110;2560x1440;2560x1297;Openminded Chunk;Citizen's Initiative (Finnish) (2nd version);18;ABNCMDLEKFJGIH;Decision Chunk;Science Chunk;Reasoning Chunk;Openminded Chunk;Spreadsheet1;Spreadsheet1;7;5;2;Screen 5;Zone7;response_button_image;2230.399999999907;;;SAM_1.4.PNG;1;0;1;0;;;;;1;Reading;;;;"<a href=""https://www.pieksamaenlehti.fi/paakirjoitus-mielipide/3159933"" target=""_blank""> Palaako peltoviljely pääosin kangasmaille?</a>";Palaako peltoviljely pääosin kangasmaille?;1
65;1641969538477;12/01/2022 06:38:58;1641969538447;2;12/01/2022 08:38:58;55551;23;task-zryk;;18449214;BLIND;5460154;;complete;;;computer;Desktop or Laptop;Windows 10;Chrome 96.0.4664.110;2560x1440;2560x1297;Openminded Chunk;Citizen's Initiative (Finnish) (2nd version);18;ABNCMDLEKFJGIH;Decision Chunk;Science Chunk;Reasoning Chunk;Openminded Chunk;Spreadsheet1;Spreadsheet1;7;5;3;Screen 6;Zone19;response_button_image;862.3999999999069;;;SAM_2.4.PNG;1;0;1;0;;;;;1;Reading;;;;"<a href=""https://www.pieksamaenlehti.fi/paakirjoitus-mielipide/3159933"" target=""_blank""> Palaako peltoviljely pääosin kangasmaille?</a>";Palaako peltoviljely pääosin kangasmaille?;1
66;1641969579026;12/01/2022 06:39:39;1641969578998;2;12/01/2022 08:39:38;55551;23;task-zryk;;18449214;BLIND;5460154;;complete;;;computer;Desktop or Laptop;Windows 10;Chrome 96.0.4664.110;2560x1440;2560x1297;Openminded Chunk;Citizen's Initiative (Finnish) (2nd version);18;ABNCMDLEKFJGIH;Decision Chunk;Science Chunk;Reasoning Chunk;Openminded Chunk;Spreadsheet1;Spreadsheet1;7;5;4;Screen 3;Zone3;response_rating_scale_likert;40546.60000000009;;;Epäluotettava;;0;1;0;;;;;1;Reading;;;;"<a href=""https://www.pieksamaenlehti.fi/paakirjoitus-mielipide/3159933"" target=""_blank""> Palaako peltoviljely pääosin kangasmaille?</a>";Palaako peltoviljely pääosin kangasmaille?;1
67;1641969579096;12/01/2022 06:39:39;1641969578999;2;12/01/2022 08:39:38;55551;23;task-zryk;;18449214;BLIND;5460154;;complete;;;computer;Desktop or Laptop;Windows 10;Chrome 96.0.4664.110;2560x1440;2560x1297;Openminded Chunk;Citizen's Initiative (Finnish) (2nd version);18;ABNCMDLEKFJGIH;Decision Chunk;Science Chunk;Reasoning Chunk;Openminded Chunk;Spreadsheet1;Spreadsheet1;7;5;4;Screen 3;Zone5;response_text_area;40546.60000000009;;;Nimetön, yleisönosastomainen kirjoitus. Allekirjoitettu titteleillä, jotka voivat aiva hyvin olla keksittyjä, koska nimiään eivät kirjoittajat ole kehdanneet julkaista. ;;0;1;0;;;;;1;Reading;;;;"<a href=""https://www.pieksamaenlehti.fi/paakirjoitus-mielipide/3159933"" target=""_blank""> Palaako peltoviljely pääosin kangasmaille?</a>";Palaako peltoviljely pääosin kangasmaille?;1
68;1641969579096;12/01/2022 06:39:39;1641969578999;2;12/01/2022 08:39:38;55551;23;task-zryk;;18449214;BLIND;5460154;;complete;;;computer;Desktop or Laptop;Windows 10;Chrome 96.0.4664.110;2560x1440;2560x1297;Openminded Chunk;Citizen's Initiative (Finnish) (2nd version);18;ABNCMDLEKFJGIH;Decision Chunk;Science Chunk;Reasoning Chunk;Openminded Chunk;Spreadsheet1;Spreadsheet1;7;5;4;Screen 3;Zone6;continue_button;40546.60000000009;;;;;0;1;0;;;;;1;Reading;;;;"<a href=""https://www.pieksamaenlehti.fi/paakirjoitus-mielipide/3159933"" target=""_blank""> Palaako peltoviljely pääosin kangasmaille?</a>";Palaako peltoviljely pääosin kangasmaille?;1
69;1641969581312;12/01/2022 06:39:41;1641969581279;2;12/01/2022 08:39:41;55551;23;task-zryk;;18449214;BLIND;5460154;;complete;;;computer;Desktop or Laptop;Windows 10;Chrome 96.0.4664.110;2560x1440;2560x1297;Openminded Chunk;Citizen's Initiative (Finnish) (2nd version);18;ABNCMDLEKFJGIH;Decision Chunk;Science Chunk;Reasoning Chunk;Openminded Chunk;Spreadsheet1;Spreadsheet1;7;5;5;Screen 10;Zone3;response_rating_scale_likert_active;2274.2000000001863;;;Vähän;1;0;1;0;;;;;1;Reading;;;;"<a href=""https://www.pieksamaenlehti.fi/paakirjoitus-mielipide/3159933"" target=""_blank""> Palaako peltoviljely pääosin kangasmaille?</a>";Palaako peltoviljely pääosin kangasmaille?;1
70;1641969584819;12/01/2022 06:39:44;1641969584798;2;12/01/2022 08:39:44;55551;23;task-zryk;;18449214;BLIND;5460154;;complete;;;computer;Desktop or Laptop;Windows 10;Chrome 96.0.4664.110;2560x1440;2560x1297;Openminded Chunk;Citizen's Initiative (Finnish) (2nd version);18;ABNCMDLEKFJGIH;Decision Chunk;Science Chunk;Reasoning Chunk;Openminded Chunk;Spreadsheet1;Spreadsheet1;7;5;6;Screen 4;Zone3;response_rating_scale_likert_active;3516;;;Ei ollenkaan vakuuttava;1;0;1;0;;;;;1;Reading;;;;"<a href=""https://www.pieksamaenlehti.fi/paakirjoitus-mielipide/3159933"" target=""_blank""> Palaako peltoviljely pääosin kangasmaille?</a>";Palaako peltoviljely pääosin kangasmaille?;1
71;1641969586713;12/01/2022 06:39:46;1641969586678;2;12/01/2022 08:39:46;55551;23;task-zryk;;18449214;BLIND;5460154;;complete;;;computer;Desktop or Laptop;Windows 10;Chrome 96.0.4664.110;2560x1440;2560x1297;Openminded Chunk;Citizen's Initiative (Finnish) (2nd version);18;ABNCMDLEKFJGIH;Decision Chunk;Science Chunk;Reasoning Chunk;Openminded Chunk;Spreadsheet1;Spreadsheet1;7;5;7;Screen 2;Zone3;response_rating_scale_likert_active;1876.3000000002794;;;Varmasti en;1;0;1;0;;;;;1;Reading;;;;"<a href=""https://www.pieksamaenlehti.fi/paakirjoitus-mielipide/3159933"" target=""_blank""> Palaako peltoviljely pääosin kangasmaille?</a>";Palaako peltoviljely pääosin kangasmaille?;1
72;1641969590085;12/01/2022 06:39:50;1641969590063;2;12/01/2022 08:39:50;55551;23;task-zryk;;18449214;BLIND;5460154;;complete;;;computer;Desktop or Laptop;Windows 10;Chrome 96.0.4664.110;2560x1440;2560x1297;Openminded Chunk;Citizen's Initiative (Finnish) (2nd version);18;ABNCMDLEKFJGIH;Decision Chunk;Science Chunk;Reasoning Chunk;Openminded Chunk;Spreadsheet1;Spreadsheet1;7;5;8;Screen 11;Zone3;response_rating_scale_likert_active;3380.7000000001863;;;Varmasti en;1;0;1;0;;;;;1;Reading;;;;"<a href=""https://www.pieksamaenlehti.fi/paakirjoitus-mielipide/3159933"" target=""_blank""> Palaako peltoviljely pääosin kangasmaille?</a>";Palaako peltoviljely pääosin kangasmaille?;1
73;1641969591939;12/01/2022 06:39:51;1641969591911;2;12/01/2022 08:39:51;55551;23;task-zryk;;18449214;BLIND;5460154;;complete;;;computer;Desktop or Laptop;Windows 10;Chrome 96.0.4664.110;2560x1440;2560x1297;Openminded Chunk;Citizen's Initiative (Finnish) (2nd version);18;ABNCMDLEKFJGIH;Decision Chunk;Science Chunk;Reasoning Chunk;Openminded Chunk;Spreadsheet1;Spreadsheet1;7;5;9;Screen 7;Zone3;response_rating_scale_likert_active;1844.2999999998137;;;Jokseenkin tuttu;1;0;1;0;;;;;1;Reading;;;;"<a href=""https://www.pieksamaenlehti.fi/paakirjoitus-mielipide/3159933"" target=""_blank""> Palaako peltoviljely pääosin kangasmaille?</a>";Palaako peltoviljely pääosin kangasmaille?;1
74;1641969597076;12/01/2022 06:39:57;1641969597055;2;12/01/2022 08:39:57;55551;23;task-zryk;;18449214;BLIND;5460154;;complete;;;computer;Desktop or Laptop;Windows 10;Chrome 96.0.4664.110;2560x1440;2560x1297;Openminded Chunk;Citizen's Initiative (Finnish) (2nd version);18;ABNCMDLEKFJGIH;Decision Chunk;Science Chunk;Reasoning Chunk;Openminded Chunk;Spreadsheet1;Spreadsheet1;7;5;10;Screen 8;Zone3;response_rating_scale_likert_active;5140.5;;;Erittäin kiinnostavana;1;0;1;0;;;;;1;Reading;;;;"<a href=""https://www.pieksamaenlehti.fi/paakirjoitus-mielipide/3159933"" target=""_blank""> Palaako peltoviljely pääosin kangasmaille?</a>";Palaako peltoviljely pääosin kangasmaille?;1
75;1641969599666;12/01/2022 06:39:59;1641969599638;2;12/01/2022 08:39:59;55551;23;task-zryk;;18449214;BLIND;5460154;;complete;;;computer;Desktop or Laptop;Windows 10;Chrome 96.0.4664.110;2560x1440;2560x1297;Openminded Chunk;Citizen's Initiative (Finnish) (2nd version);18;ABNCMDLEKFJGIH;Decision Chunk;Science Chunk;Reasoning Chunk;Openminded Chunk;Spreadsheet1;Spreadsheet1;7;5;11;Screen 9;Zone3;response_rating_scale_likert_active;2580;;;Hyvin uteliaasti;1;0;1;0;;;;;1;Reading;;;;"<a href=""https://www.pieksamaenlehti.fi/paakirjoitus-mielipide/3159933"" target=""_blank""> Palaako peltoviljely pääosin kangasmaille?</a>";Palaako peltoviljely pääosin kangasmaille?;1
76;1641969601898;12/01/2022 06:40:01;1641969601870;2;12/01/2022 08:40:01;55551;23;task-zryk;;18449214;BLIND;5460154;;complete;;;computer;Desktop or Laptop;Windows 10;Chrome 96.0.4664.110;2560x1440;2560x1297;Openminded Chunk;Citizen's Initiative (Finnish) (2nd version);18;ABNCMDLEKFJGIH;Decision Chunk;Science Chunk;Reasoning Chunk;Openminded Chunk;Spreadsheet1;Spreadsheet1;12;1;1;Screen 1;Zone2;continue_button;2227.3000000002794;;;;;0;1;0;;;;;;Finish;;;;;;
77;1641969602039;12/01/2022 06:40:02;1641969601873;2;12/01/2022 08:40:01;55551;23;task-zryk;;18449214;BLIND;5460154;;complete;;;computer;Desktop or Laptop;Windows 10;Chrome 96.0.4664.110;2560x1440;2560x1297;Openminded Chunk;Citizen's Initiative (Finnish) (2nd version);18;ABNCMDLEKFJGIH;Decision Chunk;Science Chunk;Reasoning Chunk;Openminded Chunk;Spreadsheet1;;;END TASK;;;;;1378705;;;;;0;1;0;;;;;;;;;;;;
END OF FILE
